var,description,2018,2040
`population`,Population by CTU,From Metropolitan Council Community Profiles,From Metropolitan Council Community Profiles
`households`,Households by CTU,From Metropolitan Council Community Profiles,From Metropolitan Council Community Profiles
`multifamily_units`,Number of Multifamily Units by CTU,From Metropolitan Council Community Profiles,From an Unpublished UrbanSim Forecast of Different Demographic Variables
`single_family_units`,Number of Single Family Units by CTU,From Metropolitan Council Community Profiles,From an Unpublished UrbanSim Forecast of Different Demographic Variables
`single_family_average_floor_area_sqft_ctu`,Average Size of Single Family Houses in Square Feet by CTU,From ZTRAX,Extrapolation of Household Size from ZTRAX Historic Data
`multifamily_average_floor_area_sqft_ctu`,Average Size of Multifamily Houses by CTU,From ZTRAX,Extrapolation of Household Size from ZTRAX Historic Data
`multifamily_average_floor_area_sqft_county`,Average Size of Multifamily Houses by County,From ZTRAX,Extrapolation of Household Size from ZTRAX Historic Data
`residential_kwh_per_floor_area`,Kilowatt Hours per Total Square Feet by CTU per Year,From Electricity Use Data (see section on Energy Data) Divided By Total Floor Area,From 2018 Electricity Use Data (see section on Energy Data) Divided By Forecasted Total Floor Area
`residential_therms_per_floor_area`,Therms per Total Floor Area in Square Feet by CTU per Year,From Natural Gas Consumption Data (see section on Energy Data) Divide by Total Floor Area,From 2018 Natural Gas Consumption Data (see section on Energy Data) Divide by Total Floor Area
`residential_mwh`,Total Residential Megawatt Hours Consumption by CTU per Year,From Electricity Use Data (see section on Energy Data),kwh_per_floor_area?for 2018 multiplied by Forecasted Total Floor Area
`residential_therms`,Total Residential Therms of Natural Gas Consumption by CTU per Year,From Natural Gas Consumption Data (see section on Energy Data),therms_per_floor_area?for 2018 multiplied by Forecasted Total Floor Area
