AEOScen,Metric,Mode,2015,2018,2020,2025,2030,2035,2040,2045,2050
REF,MPG,LDV,1,1,1,1,1,1,1,1,1
REF,MPG,MDT,1,1,1,1,1,1,1,1,1
REF,MPG,HDT,1,1,1,1,1,1,1,1,1
REF,MPG,FRAIL,1,1,1,1,1,1,1,1,1
REF,MPG,FSHIP,1,1,1,1,1,1,1,1,1
HM,MPG,LDV,1,0.999894676,0.99982446,0.99951215,0.996756997,0.992897482,0.988953455,0.985289188,0.983006647
HM,MPG,MDT,1,0.999999834,0.999999724,0.99987772,0.999129428,0.998491062,0.997392936,0.996814428,0.996202361
HM,MPG,HDT,1,0.999999834,0.999999724,0.99987772,0.999129428,0.998491062,0.997392936,0.996814428,0.996202361
HM,MPG,FRAIL,1,1,1,1,1,1,1,1,1
HM,MPG,FSHIP,1,1,1,1,1,1,1,1,1
HOGS,MPG,LDV,1,0.999894676,0.99982446,0.99951215,0.996756997,0.992897482,0.988953455,0.988245042,0.983006647
HOGS,MPG,MDT,1,0.999999834,0.999999724,0.99987772,0.999129428,0.998491062,0.997392936,1.000882914,0.996202361
HOGS,MPG,HDT,1,0.999999834,0.999999724,0.99987772,0.999129428,0.998491062,0.997392936,1.000882914,0.996202361
HOGS,MPG,FRAIL,1,1,1,1,1,1,1,1,1
HOGS,MPG,FSHIP,1,1,1,1,1,1,1,1,1
LM,MPG,LDV,1,0.999731055,0.999551759,0.995959511,0.995550373,0.995906446,0.995966159,0.995804231,0.99523114
LM,MPG,MDT,1,1.000120279,1.000200465,0.999846499,0.998465533,0.995962777,0.991339857,0.985916554,0.979615752
LM,MPG,HDT,1,1.000120279,1.000200465,0.999846499,0.998465533,0.995962777,0.991339857,0.985916554,0.979615752
LM,MPG,FRAIL,1,1,1,1,1,1,1,1,1
LM,MPG,FSHIP,1,1,1,1,1,1,1,1,1
HP,MPG,LDV,1,1.000621349,1.001035581,1.009087787,1.018809538,1.027031353,1.033978111,1.039791239,1.047041177
HP,MPG,MDT,1,1.000001492,1.000002487,1.002519884,1.006535489,1.009339305,1.01177941,1.014444123,1.016854019
HP,MPG,HDT,1,1.000001492,1.000002487,1.002519884,1.006535489,1.009339305,1.01177941,1.014444123,1.016854019
HP,MPG,FRAIL,1,1,1,1,1,1,1,1,1
HP,MPG,FSHIP,1,1,1,1,1,1,1,1,1
LP,MPG,LDV,1,0.999972988,0.99995498,0.997064706,0.991482971,0.984325785,0.977509955,0.971003191,0.965673794
LP,MPG,MDT,1,0.999999337,0.999998895,0.99808059,0.996292679,0.992083138,0.988521325,0.987240975,0.985915683
LP,MPG,HDT,1,0.999999337,0.999998895,0.99808059,0.996292679,0.992083138,0.988521325,0.987240975,0.985915683
LP,MPG,FRAIL,1,1,1,1,1,1,1,1,1
LP,MPG,FSHIP,1,1,1,1,1,1,1,1,1
LOGS,MPG,LDV,1,0.999972988,0.99995498,0.997064706,0.991482971,0.984325785,0.977509955,0.971003191,0.965673794
LOGS,MPG,MDT,1,0.999999337,0.999998895,0.99808059,0.996292679,0.992083138,0.988521325,0.987240975,0.985915683
LOGS,MPG,HDT,1,0.999999337,0.999998895,0.99808059,0.996292679,0.992083138,0.988521325,0.987240975,0.985915683
LOGS,MPG,FRAIL,1,1,1,1,1,1,1,1,1
LOGS,MPG,FSHIP,1,1,1,1,1,1,1,1,1
REF,VMT,LDV,1,1,1,1,1,1,1,1,1
REF,VMT,MDT,1,1,1,1,1,1,1,1,1
REF,VMT,HDT,1,1,1,1,1,1,1,1,1
REF,VMT,BUS,1,1,1,1,1,1,1,1,1
REF,VMT,RAIL,1,1,1,1,1,1,1,1,1
REF,VMT,FRAIL,1,1,1,1,1,1,1,1,1
REF,VMT,FSHIP,1,1,1,1,1,1,1,1,1
HM,VMT,LDV,1,1.004599961,1.007666602,1.041489178,1.05386002,1.056278111,1.062628424,1.065475615,1.077943642
HM,VMT,MDT,1,1.005695799,1.009492998,1.057351259,1.081618183,1.106270204,1.14161273,1.168328806,1.198745275
HM,VMT,HDT,1,1.004733743,1.007889571,1.05462823,1.08728164,1.119652878,1.173017915,1.213350232,1.255584689
HM,VMT,BUS,1,1.001303955,1.002173259,1.015025746,1.028899905,1.042511611,1.054759448,1.065937264,1.076992376
HM,VMT,RAIL,1,1.010752444,1.01792074,1.055440159,1.074438704,1.087558067,1.102521038,1.104357138,1.117243727
HM,VMT,FRAIL,1,0.996789552,0.994649254,1.040952253,1.067954215,1.088890059,1.152361548,1.196332405,1.246792554
HM,VMT,FSHIP,1,1.001345375,1.002242292,1.034330299,1.057270241,1.078469345,1.114719051,1.146584214,1.184256998
HOGS,VMT,LDV,1,1.000489586,1.000815977,1.011146758,1.0158452,1.01153291,1.014697171,1.01533551,1.013020162
HOGS,VMT,MDT,1,1.000152621,1.000254368,1.016538875,1.014193536,1.008735538,1.014259288,1.015356125,1.014309824
HOGS,VMT,HDT,1,0.999999932,0.999999887,1.02334902,1.027684469,1.030594798,1.042046773,1.048969024,1.04816201
HOGS,VMT,BUS,1,0.999284388,0.998807314,0.999019465,0.998756156,0.998025806,0.997967067,0.99845031,0.998769925
HOGS,VMT,RAIL,1,0.995343977,0.992239961,1.005941844,0.99919989,0.986241901,0.988103382,0.99033373,0.990841219
HOGS,VMT,FRAIL,1,0.994712072,0.991186786,0.972987396,0.977058639,0.982271492,1.010368935,1.014117577,1.013727928
HOGS,VMT,FSHIP,1,1,1,1.025972357,1.040226748,1.049417894,1.067191302,1.079336985,1.080570697
LM,VMT,LDV,1,0.997274343,0.995457238,0.970544655,0.942742172,0.921081839,0.905597365,0.888858877,0.871008152
LM,VMT,MDT,1,0.996862656,0.994771094,0.952418828,0.925046383,0.902277413,0.885751109,0.867184168,0.849905887
LM,VMT,HDT,1,0.997658273,0.996097121,0.960968177,0.934908898,0.912698544,0.89309442,0.871778058,0.854752435
LM,VMT,BUS,1,0.999822,0.999703334,0.992975662,0.983489293,0.975246377,0.967660239,0.960548348,0.953479926
LM,VMT,RAIL,1,0.995815494,0.993025823,0.956774099,0.928667439,0.913507972,0.901122715,0.885589321,0.869287193
LM,VMT,FRAIL,1,0.992565485,0.987609141,0.956419096,0.94422881,0.930993742,0.927126537,0.911038614,0.898638111
LM,VMT,FSHIP,1,0.998710452,0.997850753,0.96569003,0.949744557,0.93570365,0.923995671,0.910848088,0.89972876
HP,VMT,LDV,1,0.997339647,0.995566078,0.988825836,0.98982363,0.981602945,0.971838081,0.961053253,0.950333292
HP,VMT,MDT,1,0.999168597,0.998614328,0.995490568,1.003281766,1.000790689,0.998217503,0.993236526,0.991437273
HP,VMT,HDT,1,0.999999867,0.999999778,1.012867243,1.027574991,1.037779184,1.047724325,1.048684895,1.049692325
HP,VMT,BUS,1,1.002396662,1.003994436,1.007518302,1.007472248,1.00709911,1.006954935,1.007598159,1.008815418
HP,VMT,RAIL,1,1.015689776,1.026149626,1.065601743,1.083918559,1.08153965,1.079718552,1.081720296,1.091168667
HP,VMT,FRAIL,1,0.994302302,0.990503836,0.986491615,0.998672019,0.990958159,1.027664654,1.038708787,1.043669593
HP,VMT,FSHIP,1,1,1,1.012723385,1.033132878,1.049541783,1.067708703,1.073495874,1.068790287
LP,VMT,LDV,1,1.00020517,1.00034195,1.013130073,1.021170274,1.031587398,1.043879555,1.049254064,1.053452368
LP,VMT,MDT,1,1.000063678,1.00010613,1.008921381,1.011481143,1.016528641,1.023929652,1.019951292,1.020385394
LP,VMT,HDT,1,0.999999932,0.999999887,0.998693168,0.997518063,0.999466562,1.005173938,0.99817893,0.997160993
LP,VMT,BUS,1,1.000300271,1.000500452,0.996145938,0.99516717,0.995085874,0.994801851,0.994373088,0.994242874
LP,VMT,RAIL,1,1.001957357,1.003262261,0.974007088,0.962460206,0.961191324,0.960574935,0.950209494,0.946242902
LP,VMT,FRAIL,1,0.994429251,0.990715418,1.003149608,1.001894645,1.00538781,1.036754345,1.023695591,1.015589254
LP,VMT,FSHIP,1,1,1,0.990775014,0.991410027,0.991916921,1.000839403,0.997446366,0.993130447
LOGS,VMT,LDV,1,1.000082034,1.000136724,0.997275421,0.993414673,0.992229826,0.996110808,0.992378996,0.987628222
LOGS,VMT,MDT,1,1.000025472,1.000042454,0.995334271,0.99221464,0.992207972,0.995467043,0.987593548,0.983977498
LOGS,VMT,HDT,1,0.999999867,0.999999778,0.988588573,0.978869487,0.974986616,0.975289189,0.965494746,0.962115359
LOGS,VMT,BUS,1,0.999913932,0.999856554,1.00052543,1.000251198,1.000895809,1.001133691,1.001101447,1.001088814
LOGS,VMT,RAIL,1,0.999439267,0.999065445,1.001029201,0.998283406,1.005883163,1.01357475,1.007713577,1.006081894
LOGS,VMT,FRAIL,1,0.994717365,0.991195608,1.01722766,1.013419965,1.00601095,1.035667686,1.020363204,1.005656579
LOGS,VMT,FSHIP,1,1,1,0.984507725,0.964726518,0.952315781,0.948792754,0.93974527,0.932637758
