ctu_name,inter_type,count
Afton,3,923
Afton,4,66
Andover,3,2397
Andover,4,336
Andover,5,7
Anoka,3,1404
Anoka,4,295
Anoka,5,8
Anoka,6,2
Apple Valley,3,3581
Apple Valley,4,643
Apple Valley,5,18
Apple Valley,6,3
Arden Hills,3,1300
Arden Hills,4,208
Arden Hills,5,6
Bayport,3,251
Bayport,4,80
Bayport,5,1
Baytown Twp.,3,531
Baytown Twp.,4,33
Belle Plaine,3,295
Belle Plaine,4,182
Belle Plaine,5,4
Belle Plaine Twp.,3,232
Belle Plaine Twp.,4,18
Benton Twp.,3,324
Benton Twp.,4,35
Bethel,3,67
Bethel,4,8
Birchwood Village,3,34
Birchwood Village,4,4
Blaine,3,4932
Blaine,4,979
Blaine,5,33
Blaine,6,1
Blakeley Twp.,3,122
Blakeley Twp.,4,36
Bloomington,3,7483
Bloomington,4,1771
Bloomington,5,65
Bloomington,6,4
Brooklyn Center,3,2053
Brooklyn Center,4,606
Brooklyn Center,5,15
Brooklyn Park,3,5094
Brooklyn Park,4,1087
Brooklyn Park,5,38
Burnsville,3,5120
Burnsville,4,892
Burnsville,5,38
Burnsville,6,3
Camden Twp.,3,353
Camden Twp.,4,18
Camden Twp.,5,1
Carver,3,198
Carver,4,46
Carver,5,1
Castle Rock Twp.,3,456
Castle Rock Twp.,4,33
Cedar Lake Twp.,3,885
Cedar Lake Twp.,4,49
Cedar Lake Twp.,5,2
Centerville,3,215
Centerville,4,33
Champlin,3,1217
Champlin,4,238
Champlin,5,8
Chanhassen,3,2369
Chanhassen,4,413
Chanhassen,5,11
Chaska,3,1791
Chaska,4,348
Chaska,5,6
Circle Pines,3,215
Circle Pines,4,33
Circle Pines,5,1
Coates,3,88
Coates,4,42
Cologne,3,134
Cologne,4,29
Columbia Heights,3,872
Columbia Heights,4,329
Columbia Heights,5,4
Columbus,3,1308
Columbus,4,86
Coon Rapids,3,4032
Coon Rapids,4,851
Coon Rapids,5,22
Coon Rapids,6,2
Corcoran,3,1247
Corcoran,4,71
Corcoran,5,2
Cottage Grove,3,2487
Cottage Grove,4,440
Cottage Grove,5,14
Credit River Twp.,3,1121
Credit River Twp.,4,54
Credit River Twp.,5,1
Crystal,3,1209
Crystal,4,339
Crystal,5,5
Dahlgren Twp.,3,525
Dahlgren Twp.,4,47
Dayton,3,854
Dayton,4,70
Dayton,5,4
Deephaven,3,374
Deephaven,4,32
Deephaven,5,2
Dellwood,3,284
Dellwood,4,27
Dellwood,5,1
Denmark Twp.,3,820
Denmark Twp.,4,55
Douglas Twp.,3,308
Douglas Twp.,4,32
Eagan,3,5736
Eagan,4,1060
Eagan,5,30
Eagan,6,4
East Bethel,3,1679
East Bethel,4,127
Eden Prairie,3,6676
Eden Prairie,4,1135
Eden Prairie,5,65
Eden Prairie,6,11
Eden Prairie,8,1
Edina,3,3594
Edina,4,638
Edina,5,25
Edina,6,1
Elko New Market,3,193
Elko New Market,4,44
Empire Twp.,3,489
Empire Twp.,4,87
Eureka Twp.,3,547
Eureka Twp.,4,28
Eureka Twp.,5,1
Excelsior,3,249
Excelsior,4,40
Excelsior,6,1
Falcon Heights,3,591
Falcon Heights,4,162
Falcon Heights,5,3
Farmington,3,1135
Farmington,4,306
Farmington,5,4
Forest Lake,3,2373
Forest Lake,4,268
Forest Lake,5,11
Fort Snelling (unorg.),3,1047
Fort Snelling (unorg.),4,301
Fort Snelling (unorg.),5,6
Fridley,3,2602
Fridley,4,414
Fridley,5,11
Fridley,6,2
Gem Lake,3,174
Gem Lake,4,9
Golden Valley,3,2644
Golden Valley,4,532
Golden Valley,5,7
Golden Valley,6,3
Grant,3,1377
Grant,4,78
Grant,5,1
Grant,6,1
Greenfield,3,746
Greenfield,4,33
Greenvale Twp.,3,274
Greenvale Twp.,4,14
Greenwood,3,65
Greenwood,4,7
Grey Cloud Island Twp.,3,85
Grey Cloud Island Twp.,4,1
Ham Lake,3,1981
Ham Lake,4,170
Ham Lake,5,4
Hamburg,3,32
Hamburg,4,5
Hampton,3,72
Hampton,4,20
Hampton Twp.,3,448
Hampton Twp.,4,49
Hampton Twp.,5,1
Hancock Twp.,3,127
Hancock Twp.,4,10
Hanover,3,137
Hanover,4,9
Hastings,3,1582
Hastings,4,459
Hastings,5,3
Helena Twp.,3,399
Helena Twp.,4,24
Hilltop,3,77
Hilltop,4,13
Hollywood Twp.,3,402
Hollywood Twp.,4,25
Hopkins,3,1125
Hopkins,4,360
Hopkins,5,6
Hugo,3,1640
Hugo,4,156
Hugo,5,7
Hugo,6,1
Independence,3,1064
Independence,4,39
Independence,5,1
Inver Grove Heights,3,3279
Inver Grove Heights,4,487
Inver Grove Heights,5,8
Inver Grove Heights,6,1
Jackson Twp.,3,177
Jackson Twp.,4,20
Jordan,3,273
Jordan,4,76
Lake Elmo,3,1574
Lake Elmo,4,222
Lake Elmo,5,9
Lake Elmo,6,2
Lake St. Croix Beach,3,75
Lake St. Croix Beach,4,41
Lakeland,3,210
Lakeland,4,70
Lakeland Shores,3,51
Lakeland Shores,4,8
Laketown Twp.,3,484
Laketown Twp.,4,32
Lakeville,3,3998
Lakeville,4,972
Lakeville,5,15
Landfall,3,35
Landfall,4,5
Lauderdale,3,130
Lauderdale,4,53
Lauderdale,5,1
Lexington,3,113
Lexington,4,23
Lilydale,3,74
Lilydale,4,9
Lino Lakes,3,1671
Lino Lakes,4,178
Lino Lakes,5,3
Linwood Twp.,3,808
Linwood Twp.,4,39
Little Canada,3,946
Little Canada,4,89
Little Canada,5,2
Long Lake,3,206
Long Lake,4,25
Long Lake,5,1
Loretto,3,44
Loretto,4,5
Loretto,5,1
Louisville Twp.,3,314
Louisville Twp.,4,30
Louisville Twp.,5,1
Mahtomedi,3,631
Mahtomedi,4,76
Mahtomedi,5,3
Maple Grove,3,5306
Maple Grove,4,1129
Maple Grove,5,67
Maple Grove,6,1
Maple Plain,3,172
Maple Plain,4,17
Maplewood,3,4050
Maplewood,4,688
Maplewood,5,11
Marine on St. Croix,3,176
Marine on St. Croix,4,15
Marine on St. Croix,5,1
Marshan Twp.,3,508
Marshan Twp.,4,57
Marshan Twp.,5,2
May Twp.,3,952
May Twp.,4,32
Mayer,3,87
Mayer,4,24
Mayer,5,1
Medicine Lake,3,43
Medicine Lake,4,2
Medina,3,1373
Medina,4,119
Medina,5,5
Mendota,3,41
Mendota,4,4
Mendota,5,1
Mendota Heights,3,1386
Mendota Heights,4,249
Mendota Heights,5,5
Miesville,3,45
Miesville,4,3
Minneapolis,3,14769
Minneapolis,4,8156
Minneapolis,5,107
Minneapolis,6,11
Minnetonka,3,5341
Minnetonka,4,752
Minnetonka,5,18
Minnetonka,6,1
Minnetonka Beach,3,80
Minnetonka Beach,4,7
Minnetrista,3,1084
Minnetrista,4,85
Minnetrista,5,2
Minnetrista,6,1
Mound,3,542
Mound,4,69
Mound,5,2
Mounds View,3,713
Mounds View,4,143
Mounds View,5,2
New Brighton,3,1442
New Brighton,4,280
New Brighton,5,5
New Germany,3,26
New Germany,4,7
New Hope,3,1468
New Hope,4,193
New Hope,5,5
New Market Twp.,3,1166
New Market Twp.,4,81
New Market Twp.,5,2
New Prague,3,285
New Prague,4,108
New Trier,3,12
New Trier,4,3
Newport,3,430
Newport,4,132
Nininger Twp.,3,300
Nininger Twp.,4,23
North Oaks,3,679
North Oaks,4,60
North Oaks,5,3
North Oaks,6,1
North St. Paul,3,706
North St. Paul,4,193
North St. Paul,5,2
Northfield,3,92
Northfield,4,24
Norwood Young America,3,189
Norwood Young America,4,59
Nowthen,3,1326
Nowthen,4,66
Nowthen,5,5
Oak Grove,3,1551
Oak Grove,4,81
Oak Park Heights,3,634
Oak Park Heights,4,129
Oak Park Heights,5,1
Oakdale,3,2098
Oakdale,4,469
Oakdale,5,6
Oakdale,6,1
Orono,3,1411
Orono,4,125
Orono,5,4
Osseo,3,317
Osseo,4,74
Osseo,5,2
Pine Springs,3,82
Pine Springs,4,16
Plymouth,3,6105
Plymouth,4,993
Plymouth,5,37
Plymouth,6,2
Prior Lake,3,1609
Prior Lake,4,309
Prior Lake,5,11
Prior Lake,6,4
Ramsey,3,2569
Ramsey,4,325
Ramsey,5,11
Ramsey,6,5
Ramsey,8,1
Randolph,3,43
Randolph,4,8
Randolph Twp.,3,303
Randolph Twp.,4,29
Randolph Twp.,5,2
Ravenna Twp.,3,659
Ravenna Twp.,4,21
Richfield,3,1623
Richfield,4,793
Richfield,5,13
Richfield,6,1
Robbinsdale,3,723
Robbinsdale,4,326
Robbinsdale,5,13
Rockford,3,59
Rockford,4,12
Rockford,5,1
Rogers,3,2079
Rogers,4,298
Rogers,5,15
Rosemount,3,2203
Rosemount,4,389
Rosemount,5,13
Rosemount,6,1
Roseville,3,3707
Roseville,4,587
Roseville,5,19
San Francisco Twp.,3,316
San Francisco Twp.,4,23
Sand Creek Twp.,3,442
Sand Creek Twp.,4,36
Savage,3,1887
Savage,4,363
Savage,5,11
Scandia,3,1120
Scandia,4,57
Sciota Twp.,3,159
Sciota Twp.,4,9
Shakopee,3,3690
Shakopee,4,983
Shakopee,5,20
Shoreview,3,1718
Shoreview,4,238
Shoreview,5,11
Shoreview,6,1
Shorewood,3,680
Shorewood,4,50
South St. Paul,3,1047
South St. Paul,4,436
South St. Paul,5,4
Spring Lake Park,3,534
Spring Lake Park,4,86
Spring Lake Park,5,1
Spring Lake Twp.,3,1016
Spring Lake Twp.,4,37
Spring Lake Twp.,5,1
Spring Park,3,94
Spring Park,4,12
St. Anthony,3,599
St. Anthony,4,132
St. Anthony,5,2
St. Bonifacius,3,115
St. Bonifacius,4,20
St. Bonifacius,5,1
St. Francis,3,777
St. Francis,4,73
St. Francis,5,1
St. Lawrence Twp.,3,261
St. Lawrence Twp.,4,22
St. Lawrence Twp.,5,1
St. Louis Park,3,3223
St. Louis Park,4,869
St. Louis Park,5,22
St. Louis Park,6,3
St. Marys Point,3,48
St. Marys Point,4,8
St. Paul,3,14167
St. Paul,4,5722
St. Paul,5,103
St. Paul,6,9
St. Paul,7,1
St. Paul Park,3,315
St. Paul Park,4,135
St. Paul Park,5,2
Stillwater,3,1551
Stillwater,4,366
Stillwater,5,10
Stillwater Twp.,3,705
Stillwater Twp.,4,23
Sunfish Lake,3,179
Sunfish Lake,4,25
Tonka Bay,3,120
Tonka Bay,4,13
Tonka Bay,5,1
Vadnais Heights,3,1169
Vadnais Heights,4,171
Vadnais Heights,5,7
Vermillion,3,46
Vermillion,4,5
Vermillion Twp.,3,499
Vermillion Twp.,4,78
Vermillion Twp.,5,1
Victoria,3,593
Victoria,4,100
Victoria,5,1
Waconia,3,791
Waconia,4,213
Waconia,5,2
Waconia Twp.,3,390
Waconia Twp.,4,26
Waterford Twp.,3,173
Waterford Twp.,4,10
Watertown,3,302
Watertown,4,66
Watertown,5,1
Watertown Twp.,3,557
Watertown Twp.,4,20
Wayzata,3,608
Wayzata,4,126
Wayzata,5,3
West Lakeland Twp.,3,923
West Lakeland Twp.,4,56
West St. Paul,3,1552
West St. Paul,4,289
West St. Paul,5,3
White Bear Lake,3,1778
White Bear Lake,4,353
White Bear Lake,5,3
White Bear Twp.,3,774
White Bear Twp.,4,92
White Bear Twp.,5,4
Willernie,3,44
Willernie,4,13
Willernie,5,1
Woodbury,3,4774
Woodbury,4,1264
Woodbury,5,52
Woodbury,6,3
Woodland,3,68
Woodland,4,4
Young America Twp.,3,299
Young America Twp.,4,44