mode,var,AV,2015,2018,2020,2025,2030,2035,2040,2045,2050
PLDV,SIPrice,0,0.606751101,0.61398044,0.6188,0.631088167,0.63820472,0.641934127,0.64347593,0.645068072,0.64646244
PLDV,CIPrice,0,0.612946695,0.616458678,0.6188,0.624709201,0.631262032,0.636303495,0.638210092,0.639923104,0.641410742
PLDV,HEVPrice,0,0.539465778,0.543593183,0.546344786,0.553311511,0.55726316,0.559695049,0.560284258,0.628126997,0.628999736
PLDV,PHEVPrice,0,0.542693901,0.547360996,0.550472393,0.558537602,0.554587005,0.552307829,0.550432921,0.58443983,0.584938756
PLDV,BEVPrice,0,0.545922023,0.551128809,0.5546,0.563763693,0.551910849,0.544920608,0.540581584,0.540752662,0.540877775
BU,BCIPrice,0,6.657656012,6.657656012,6.657656012,6.657656012,6.657656012,6.657656012,6.657656012,6.657656012,6.657656012
BU,HEVPrice,0,6.567352199,6.565054531,6.563522753,6.528784196,6.519443016,6.512177156,6.506528485,6.502139105,6.563522753
BU,BEVPrice,0,6.477048386,6.472453051,6.469389494,6.399912381,6.38123002,6.366698301,6.355400958,6.346622199,6.469389494
BRT,BCIPrice,0,9.174006876,9.174006876,9.174006876,9.174006876,9.174006876,9.174006876,9.174006876,9.174006876,9.174006876
BRT,HEVPrice,0,9.049571519,9.046405417,9.044294683,8.99642622,8.983554415,8.973542326,8.965758663,8.959710258,9.044294683
BRT,BEVPrice,0,8.925136162,8.918803959,8.91458249,8.818845565,8.793101953,8.773077775,8.75751045,8.74541364,8.91458249
RU,EVPrice,0,10.43187993,10.43187993,10.43187993,10.43187993,10.43187993,10.43187993,10.43187993,10.43187993,10.43187993
RI,BCIPrice,0,10.13434458,10.13434458,10.13434458,10.13434458,10.13434458,10.13434458,10.13434458,10.13434458,10.13434458
RI,EVPrice,0,9.859422005,9.852426945,9.847763571,9.742004876,9.713566416,9.691446102,9.674249183,9.660886076,9.847763571
BS,CIPrice,0,5.499833333,5.499833333,5.499833333,5.499833333,5.499833333,5.499833333,5.499833333,5.499833333,5.499833333
BS,BEVPrice,0,5.350634901,5.346838734,5.344307956,5.2869135,5.271480159,5.259475629,5.25014299,5.242890931,5.344307956
BU,BCIPrice,1,2.907862802,2.924523898,2.935631296,2.291670957,2.245861578,1.483846629,0.989524414,0.989627956,0.989708498
BU,HEVPrice,1,2.817558989,2.836561082,2.849229144,2.195376654,2.112656267,1.379912354,0.914044587,0.911917841,0.931828226
BU,BEVPrice,1,2.727255176,2.748598266,2.762826992,2.099082352,1.979450956,1.275978078,0.838564759,0.834207727,0.873947955
BRT,BCIPrice,1,4.006928758,4.029887141,4.04519273,3.157838897,3.094715245,2.044686472,1.363528509,1.363671186,1.36378217
BRT,HEVPrice,1,3.882493402,3.908677592,3.926133719,3.025148864,2.911163191,1.901468835,1.259520063,1.256589486,1.284025269
BRT,BEVPrice,1,3.758058045,3.787468043,3.807074709,2.892458832,2.727611136,1.758251198,1.155511618,1.149507787,1.204268369
RU,EVPrice,1,4.392494366,4.430030139,4.455053987,3.421511696,3.235958372,2.090699053,1.376436663,1.371178964,1.409239641
RI,BCIPrice,1,4.426375223,4.451736896,4.468644678,3.488402389,3.418670935,2.258724845,1.506263069,1.506420681,1.506543283
RI,EVPrice,1,4.151452651,4.183941296,4.205600393,3.195242261,3.013138261,1.942305444,1.276470909,1.269838595,1.330331531
BS,CIPrice,1,2.402160871,2.415924462,2.42510019,1.893129999,1.855287258,1.225793153,0.817437751,0.817523286,0.817589821
BS,BEVPrice,1,2.252962439,2.270593785,2.282348015,1.734034181,1.635207696,1.0540747,0.692731257,0.689131949,0.721961015
DRS,HEVPrice,1,0.580057955,0.584495926,0.587454574,0.457714088,0.446904534,0.294523109,0.196084484,0.219285053,0.219116097
DRS,PHEVPrice,1,0.583528978,0.588547249,0.591892764,0.46203725,0.444758356,0.290635801,0.19263678,0.204033451,0.203767172
DRS,BEVPrice,1,0.587,0.592598572,0.596330953,0.466360412,0.442612178,0.286748493,0.189189076,0.188781849,0.188418246
PLDV,SIPrice,1,0.606751101,0.61398044,0.6188,0.48552,0.476,0.31416,0.20944,0.20944,0.20944
PLDV,CIPrice,1,0.612946695,0.616458678,0.6188,0.483059978,0.473403845,0.312779161,0.208581271,0.208603097,0.208620074
PLDV,HEVPrice,1,0.539465778,0.543593183,0.546344786,0.425683476,0.41563037,0.273912523,0.182362586,0.20393959,0.203782458
PLDV,PHEVPrice,1,0.542693901,0.547360996,0.550472393,0.429704106,0.413634381,0.270297247,0.179156151,0.189755288,0.189507643
PLDV,BEVPrice,1,0.545922023,0.551128809,0.5546,0.433724735,0.411638391,0.266681971,0.175949716,0.175570986,0.175232828
