source,ctu,2015,2018,2020,2025,2030,2035,2040,2045,2050
ER,All,0.000456165,0.000407618,0.000375253,0.000306734,0.000312,0.000441291,0.000441291,0.000345515,0.000345515
EM,All,0.00044824,0.000406542,0.000378744,0.000313405,0.00026656,0.000225003,0.000166493,7.33E-05,2.29E-05
SI,All,0.008887,0.008887,0.008887,0.008887,0.008887,0.008887,0.008887,0.008887,0.008887
CI,All,0.0102,0.0102,0.0102,0.0102,0.0102,0.0102,0.0102,0.0102,0.0102
BCI,All,0.00945,0.00945,0.00945,0.00945,0.00945,0.00945,0.00945,0.00945,0.00945
SUTCI,All,0.019852647,0.019852647,0.019852647,0.019852647,0.019852647,0.019852647,0.019852647,0.019852647,0.019852647
CUTCI,All,0.025961154,0.025961154,0.025961154,0.025961154,0.025961154,0.025961154,0.025961154,0.025961154,0.025961154
RCI,All,0.011077753,0.011077753,0.011077753,0.011077753,0.011077753,0.011077753,0.011077753,0.011077753,0.011077753
MMCI,All,0.016992327,0.016992327,0.016992327,0.016992327,0.016992327,0.016992327,0.016992327,0.016992327,0.016992327
WCI,All,0.038952312,0.038952312,0.038952312,0.038952312,0.038952312,0.038952312,0.038952312,0.038952312,0.038952312
ASI,All,0.016584839,0.016584839,0.016584839,0.016584839,0.016584839,0.016584839,0.016584839,0.016584839,0.016584839
SI-EMB,All,13.15311469,13.15311469,13.15311469,13.15311469,13.15311469,13.15311469,13.15311469,13.15311469,13.15311469
CI-EMB,All,12.99830508,12.99830508,12.99830508,12.99830508,12.99830508,12.99830508,12.99830508,12.99830508,12.99830508
HEV-EMB,All,11.43950352,11.43950352,11.43950352,11.43950352,11.43950352,11.43950352,11.43950352,11.43950352,11.43950352
PHEV-EMB,All,13.24226786,13.24226786,13.24226786,13.24226786,13.24226786,13.24226786,13.24226786,13.24226786,13.24226786
BEV-EMB,All,11.41360236,11.41360236,11.41360236,11.41360236,11.41360236,11.41360236,11.41360236,11.41360236,11.41360236
BU-BCI-EMB,All,141.3,141.3,141.3,141.3,141.3,141.3,141.3,141.3,141.3
BU-HEV-EMB,All,164.9333333,164.9333333,164.9333333,164.9333333,164.9333333,164.9333333,164.9333333,164.9333333,164.9333333
BU-BEV-EMB,All,151.3,151.3,151.3,151.3,151.3,151.3,151.3,151.3,151.3
BS-CI-EMB,All,61,61,61,61,61,61,61,61,61
BS-BEV-EMB,All,63.78571429,63.78571429,63.78571429,63.78571429,63.78571429,63.78571429,63.78571429,63.78571429,63.78571429
