Mode,Road pricing adjustment,Multiplier relative to BAU,Effect on miles traveled by 2050
Drive,Passenger vehicle miles traveled fee,0.1,-0.02
Drive,Gas tax/fee,0.1,-0.01
Drive,Congestion tax/fee,0.1,-0.01
Drive,Pay as you drive insurance fee,0.1,-0.02
Drive,Parking fees,0.1,-0.07
Walk,Passenger vehicle miles traveled fee,0.1,0.013
Walk,Gas tax/fee,0.1,NA
Walk,Congestion tax/fee,0.1,0.013
Drive,Pay as you drive insurance fee,0.1,-0.02
Walk,Parking fees,0.1,0.01
Transit,Passenger vehicle miles traveled fee,0.1,0.013
Transit,Gas tax/fee,0.1,NA
Transit,Congestion tax/fee,0.1,0.013
Transit,Pay as you drive insurance fee,0.1,0.013
Transit,Parking fees,0.1,0.01
Freight,Freight vehicle miles traveled fee,0.1,-0.025