var,desc
population,Population
households,Households
jobs,Jobs
single_family_units,Number of Single Family Units
single_family_average_floor_area_sqft_ctu,Single Family Average Floor Area (ft<sup>2</sup>)
single_family_average_floor_area_sqft_county,Single Family Average Floor Area for the County (ft<sup>2</sup>)
multifamily_units,Number of Multifamily Units
multifamily_average_floor_area_sqft_ctu,Multifamily Average Floor Area (ft<sup>2</sup>)
multifamily_average_floor_area_sqft_county,Multifamily Average Floor Area for the County (ft<sup>2</sup>)
commercial_jobs,Commercial Jobs
industrial_jobs,Industrial Jobs
commercial_workers_county,Commercial Jobs
industrial_workers_county,Industrial Jobs
elec_emis_factor_kg_mwh,Emissions Factor for Electricity (kg CO<sub>2</sub>e/MWh)
ng_emis_factor_kg_therm,Emissions Factor for Natural Gas (kg CO<sub>2</sub>e/therms)
residential_mwh,Residential Electricity (MWh)
residential_kwh_per_floor_area,Residential Electricity per Floor Area (KWh/ft<sup>2</sup>)
residential_mwh_per_households,Residential Electricity per Household (MWh/household)
residential_elec_emis_t_co2e,Residential Electricity Emissions (tonnes CO<sub>2</sub>e)
residential_therms,Residential Natural Gas (therms)
residential_ng_therms,Residential Natural Gas (therms)
residential_therms_per_floor_area,Residential Therms per Floor Area (therms/ft<sup>2</sup>)
residential_therms_per_households,Residential Therms per Household (therms/household)
residential_ng_emis_t_co2e,Residential Natural Gas Emissions (tonnes CO<sub>2</sub>e)
total_residential_kwh_forecast,Residential Electricity - Forecast (MWh)
residential_electricity_emissions_kg_co,Residential Electricity Emissions (kg CO<sub>2</sub>e)
total_residential_therms_forecast,Residential Natural Gas - Forecast (therms)
residential_natural_gas_emissions_kg_co,Residential Natural Gas Emissions (kg CO<sub>2</sub>e)
commercial_mwh,Commercial Electricity (MWh)
commercial_mwh_per_worker,Commercial Electricity per Worker (MWh/worker)
commercial_elec_kwh_per_worker,Commercial Electricity per Worker (KWh/worker)
commercial_elec_emis_t_co2e,Commercial Electricity Emissions (tonnes CO<sub>2</sub>e))
commercial_therms,Commercial Natural Gas (therms)
commercial_ng_therms,Commercial Natural Gas (therms)
commercial_ng_therms_per_worker,Commercial Natural Gas per Worker (therms/worker)
commercial_therm_per_worker,Commercial Natural Gas per Worker (therms/worker)
commercial_ng_emis_t_co2e,Commercial Natural Gas Emissions (tonnes CO<sub>2</sub>e))
industrial_mwh,Industrial Electricity (MWh)
industrial_elec_kwh_per_worker,Industrial Electricity per Worker (KWh/worker)
industrial_mwh_per_worker,Industrial Electricity per Worker (MWh/worker)
industrial_elec_emis_t_co2e,Industrial Electricity Emissions (tonnes CO<sub>2</sub>e))
industrial_therms,Industrial Natural Gas (therms)
industrial_ng_therms,Industrial Natural Gas (therms)
industrial_ng_therms_per_worker,Industrial Natural Gas per Worker (therms/worker)
industrial_therm_per_worker,Industrial Natural Gas per Worker (therms/worker)
industrial_ng_emis_t_co2e,Industrial Natural Gas Emissions (tonnes CO<sub>2</sub>e))
total_residential_emissions,Total Residential Emissions (tonnes CO<sub>2</sub>e)
total_industrial_commercial_emissions,Total Industrial Emissions (tonnes CO<sub>2</sub>e)
agriculture,Agriculture
barren,Barren
forest,Forest
grass,Grass
grassland,Grassland
impervious,Impervious
parking_lot,Parking Lot
shrub,Shrub
trees,Trees
wetland,Wetland
water,Water
woody_wetland,Woody Wetland
agricultural,Agricultural
airport,Airport
extractive,Extractive
farmstead,Farmstead
golf_course,Golf Course
industrial_and_utility,Industrial and Utility
institutional,Institutional
major_highway,Major Highway
major_railway,Major Railway
manufactured_housing_park,Manufactured Housing Park
mixed_use_commercial,Mixed Use Commercial
mixed_use_industrial,Mixed Use Industrial
mixed_use_residential,Mixed Use Residential
multifamily,Multifamily
office,Office
open_water,Open Water
park_recreational_or_preserve,"Park, Recreational, or Preserve"
railway,Railway
retail_and_other_commercial,Retail and Other Commercial
seasonal_vacation,Seasonal Vacation
single_family_attached,Single Family Attached
single_family_detached,Single Family Detached
undeveloped,Undeveloped
stock,Carbon Stock (Mg CO<sub>2</sub>e/year)
sequestration,Carbon Sequestration (Mg CO<sub>2</sub>e/year)
carbon_stock_change_from_conservation_ag_mg_c,Carbon Stock Change from Conservation Agriculture (tonnes of Carbon)
reduced_tractor_emissions_relative_to_current_conservation_tillage_mg_co2e_per_year,Reduced Tractor Emissions Relative to Current Conservation Tillage (tonnes of Carbon)
