source_id,source_abbrev,source_description
1,ER,Xcel energy reference scenario electricity generation mix
2,EM,Xcel energy mitigation scenario electricity generation mix
3,SI,Spark ignition
4,CI,Combustion Ignition
5,BCI,Biodiesel fuel consumed in thousands of gallons
6,SUTCI,Single-unit truck diesel fuel consumed in millions of gallons
7,CUTCI,Combined-unit truck diesel fuel consumed in millions of gallons
8,RCI,Rail diesel fuel consumed in millions of gallons
9,MMCI,Multi-modal diesel fuel consumed in millions of gallons
10,WCI,Water diesel fuel consumed in millions of gallons
11,ASI,Air spark ignition (jet fuel) fuel consumed in millions of gallons
12,SI-EMB,Spark ignition/gasoline embodied emissions from vehicle sales in thousands of mt CO2
13,CI-EMB,Combustion ignition/diesel embodied emissions from vehicle sales in thousands of mt CO2
14,HEV-EMB,HEV embodied emissions from vehicle sales in thousands of mt CO2
15,PHEV-EMB,PHEV embodied emissions from vehicle sales in thousands of mt CO2
16,BEV-EMB,BEV emodied emisisons from vehicle sales in thousands of mt CO2
17,BU-BCI-EMB,Biodiesel bus embodied emissions from vehicle sales in thousands of mt CO2
18,BU-HEV-EMB,HEV bus embodied emissions from vehicle sales in thousands of mt CO2
19,BU-BEV-EMB,BEV bus embodied emissions from vehicle sales in thousands of mt CO2
20,BS-CI-EMB,Diesel school bus embodied emissions from vehicle sales in thousands of mt CO2
21,BS-BEV-EMB,BEV school bus embodied emissions from vehicle sales in thousands of mt CO2
