"","mode","var","source"
"1","PLDV","TotStock","model name/lit reference"
"2","PLDV","SIStock","model name/lit reference"
"3","PLDV","CIStock","model name/lit reference"
"4","PLDV","HEVStock","model name/lit reference"
"5","PLDV","PHEVStock","model name/lit reference"
"6","PLDV","BEVStock","model name/lit reference"
"7","PLDV","PHEVPr","model name/lit reference"
"8","PLDV","TotExist","model name/lit reference"
"9","PLDV","SIExist","model name/lit reference"
"10","PLDV","CIExist","model name/lit reference"
"11","PLDV","HEVExist","model name/lit reference"
"12","PLDV","PHEVExist","model name/lit reference"
"13","PLDV","BEVExist","model name/lit reference"
"14","PLDV","TotSales","model name/lit reference"
"15","PLDV","SISales","model name/lit reference"
"16","PLDV","CISales","model name/lit reference"
"17","PLDV","HEVSales","model name/lit reference"
"18","PLDV","PHEVSales","model name/lit reference"
"19","PLDV","BEVSales","model name/lit reference"
"20","PLDV","AVO","model name/lit reference"
"21","PLDV","PMT","model name/lit reference"
"22","AT","PMT","model name/lit reference"
"23","BU","TotStock","model name/lit reference"
"24","BU","BCIStock","model name/lit reference"
"25","BU","HEVStock","model name/lit reference"
"26","BU","BEVStock","model name/lit reference"
"27","BU","TotExist","model name/lit reference"
"28","BU","BCIExist","model name/lit reference"
"29","BU","HEVExist","model name/lit reference"
"30","BU","BEVExist","model name/lit reference"
"31","BU","TotSales","model name/lit reference"
"32","BU","BCISales","model name/lit reference"
"33","BU","HEVSales","model name/lit reference"
"34","BU","BEVSales","model name/lit reference"
"35","BU","AVO","model name/lit reference"
"36","BU","PMT","model name/lit reference"
"37","BRT","TotStock","model name/lit reference"
"38","BRT","BCIStock","model name/lit reference"
"39","BRT","HEVStock","model name/lit reference"
"40","BRT","BEVStock","model name/lit reference"
"41","BRT","TotExist","model name/lit reference"
"42","BRT","BCIExist","model name/lit reference"
"43","BRT","HEVExist","model name/lit reference"
"44","BRT","BEVExist","model name/lit reference"
"45","BRT","TotSales","model name/lit reference"
"46","BRT","BCISales","model name/lit reference"
"47","BRT","HEVSales","model name/lit reference"
"48","BRT","BEVSales","model name/lit reference"
"49","BRT","PMT","model name/lit reference"
"50","RU","TotStock","model name/lit reference"
"51","RU","EVStock","model name/lit reference"
"52","RU","PMT","model name/lit reference"
"53","RI","TotStock","model name/lit reference"
"54","RI","BCIStock","model name/lit reference"
"55","RI","EVStock","model name/lit reference"
"56","RI","PMT","model name/lit reference"
"57","BS","PMT","model name/lit reference"
"58","WALK","PMT","model name/lit reference"
"59","BIKE","PMT","model name/lit reference"
"60","DRS","POP","model name/lit reference"
"61","PLDV","PARK","model name/lit reference"
"62","PLDV","SIMPG","model name/lit reference"
"63","PLDV","CIMPG","model name/lit reference"
"64","PLDV","HEVMPG","model name/lit reference"
"65","PLDV","PHEVMPG","model name/lit reference"
"66","PLDV","PHEVElec","model name/lit reference"
"67","PLDV","BEVElec","model name/lit reference"
"68","BU","BCIMPG","model name/lit reference"
"69","BU","HEVMPG","model name/lit reference"
"70","BU","BEVElec","model name/lit reference"
"71","BRT","BCIMPG","model name/lit reference"
"72","BRT","HEVMPG","model name/lit reference"
"73","BRT","BEVElec","model name/lit reference"
"74","BRT","AVO","model name/lit reference"
"75","RU","EVElec","model name/lit reference"
"76","RU","AVO","model name/lit reference"
"77","RI","AVO","model name/lit reference"
"78","RI","BCIMPG","model name/lit reference"
"79","RI","EVElec","model name/lit reference"
"80","BS","TotStock","model name/lit reference"
"81","BS","CIStock","model name/lit reference"
"82","BS","BEVStock","model name/lit reference"
"83","BS","CIMPG","model name/lit reference"
"84","BS","BEVElec","model name/lit reference"
"85","BS","AVO","model name/lit reference"
"86","WALK","AVO","model name/lit reference"
"87","BIKE","AVO","model name/lit reference"
"88","DRS","SAV","model name/lit reference"
"89","DRS","SAVSales","model name/lit reference"
"90","DRS","VMT","model name/lit reference"
"91","DRS","DRSShare","model name/lit reference"
"92","AV","AVShare","model name/lit reference"
