var_id,var_name,var_description,var_description_2
1,AVO,Average vehicle occupancy,
2,BEVElec,Battery electric vehicle electricity conusmption (in mi/kWh),
3,BEVStock,Battery electric vehicle stock (sales+existing),
4,CIMPG,Compression ignition (diesel) fuel economy (in mpg),
5,CIStock,Compression ignition (diesel) stock (sales+existing),
6,EVElec,Electric vehicle electricity consumption for rail (in mi/kWh),
7,EVStock,Stock of electric train vehicles,
8,PARK,Parking cost (in $/hr),
9,SIMPG,Spark ignition (gasoline) fuel economy (in mpg),
10,SIStock,Spark ignition (gasoline) stock (sales+existing),
11,TMT,tonne-miles traveled for freight modes,
12,TotStock,Total stock of vehicles for a given mode,
13,SIPrice,Cost of operating an SI/gasoline vehicle per mile,"Based on depreciated purchase cost, operations, and maintenance."
14,CIPrice,Cost of operating a CI/diesel vehicle per mile,
15,HEVPrice,Cost of operating a HEV vehicle per mile,
16,PHEVPrice,Cost of operating a PHEV vehicle per mile,
17,BEVPrice,Cost of operating a BEV vehicle per mile,
18,BCIPrice,Price of biodiesel bus,
19,EVPrice,Price of battery electric bus,
20,HEVStock,HEV vehicle stock (exising+sales),
21,PHEVStock,PHEV vehicle stock (existing+sales),
22,PHEVPr,Proportion of PHEV VMT operated in electric mode,
23,TotExist,Total existing vehicles,
24,SIExist,Existing gasoline vehicles,
25,CIExist,Existing diesel vehicles,
26,HEVExist,Existing HEV vehicles,
27,PHEVExist,Existing PHEV vehicles,
28,BEVExist,Existing BEV vehicles,
29,TotSales,Total vehicle sales,
30,SISales,Total gasoline sales,
31,CISales,Total diesel sales,
32,HEVSales,Total HEV sales,
33,PHEVSales,Total PHEV sales,
34,BEVSales,Total BEV sales,
35,HEVMPG,HEV fuel economy (in mpg),
36,PHEVMPG,PHEV fuel economy in gasoline mode (in mpg),
37,PHEVElec,PHEV economy in electric mode (in mi/kWh),
38,PMT,Passenger miles traveled,
39,BCIStock,Biodiesel bus stock,
40,BCIExist,Biodiesel bus existing stock,
41,BCISales,Biodiesel bus sales,
42,BCIMPG,Biodiesel bus fuel economy (in mpg),
43,SAV,Shared electric vehicles per traveler (1/passengers per vehicle) for DRS,
44,SAVSales,Shared autonomous vehicle sales per traveler for DRS,
45,VMT,VMT per shared electric vehicle for DRS,
46,POP,Population of the CTU,
47,DRSShare,DRS share adjustment to translate across years,
48,AVShare,AV share adjustment to translate across years,