"county-level per acre annual flux under baseline conditions (they vary with tillage, irrigation, and soils). Negative values indicate sequestration. No till designation can include strip till.",,,,
Class,Irrigated,tillage starting point,County,-AVG([Total Ghg Co2])
Cropland Management,N,intensive,Anoka,0.558
Cropland Management,N,intensive,Carver,0.348
Cropland Management,N,intensive,Dakota,0.379
Cropland Management,N,intensive,Hennepin,0.348
Cropland Management,N,intensive,Ramsey,0.595
Cropland Management,N,intensive,Scott,0.348
Cropland Management,N,intensive,Washington,0.595
Cropland Management,N,no-till,Anoka,0.109
Cropland Management,N,no-till,Carver,-0.204
Cropland Management,N,no-till,Dakota,-0.205
Cropland Management,N,no-till,Hennepin,-0.204
Cropland Management,N,no-till,Ramsey,0.101
Cropland Management,N,no-till,Scott,-0.204
Cropland Management,N,no-till,Washington,0.101
Cropland Management,Y,intensive,Anoka,0.427
Cropland Management,Y,intensive,Carver,0.549
Cropland Management,Y,intensive,Dakota,0.695
Cropland Management,Y,intensive,Hennepin,0.549
Cropland Management,Y,intensive,Ramsey,0.482
Cropland Management,Y,intensive,Scott,0.549
Cropland Management,Y,intensive,Washington,0.482
Cropland Management,Y,no-till,Anoka,0.034
Cropland Management,Y,no-till,Carver,0.042
Cropland Management,Y,no-till,Dakota,0.139
Cropland Management,Y,no-till,Hennepin,0.042
Cropland Management,Y,no-till,Ramsey,0.043
Cropland Management,Y,no-till,Scott,0.042
Cropland Management,Y,no-till,Washington,0.043
Grazing Lands,N,,Anoka,-0.602
Grazing Lands,N,,Carver,-0.127
Grazing Lands,N,,Dakota,-0.152
Grazing Lands,N,,Hennepin,-0.127
Grazing Lands,N,,Ramsey,-0.572
Grazing Lands,N,,Scott,-0.127
Grazing Lands,N,,Washington,-0.572
Grazing Lands,Y,,Anoka,-0.586
Grazing Lands,Y,,Carver,-0.137
Grazing Lands,Y,,Dakota,-0.177
Grazing Lands,Y,,Hennepin,-0.137
Grazing Lands,Y,,Ramsey,-0.52
Grazing Lands,Y,,Scott,-0.137
Grazing Lands,Y,,Washington,-0.52
