Class,County,Irrigated,State,tillage starting point,-AVG([Co2 Mean]),-AVG([N2O Mean]),-AVG([Total Ghg Co2])
Grazing Lands,Anoka,N,MN,,-1.054219986,0.452549874,-0.601670112
Grazing Lands,Anoka,Y,MN,,-1.039418082,0.453410797,-0.586007286
Grazing Lands,Carver,N,MN,,-1.031932895,0.905211649,-0.126721246
Grazing Lands,Carver,Y,MN,,-1.020228405,0.883592132,-0.136636273
Grazing Lands,Dakota,N,MN,,-1.050956206,0.898809343,-0.152146863
Grazing Lands,Dakota,Y,MN,,-1.029357482,0.851960212,-0.17739727
Grazing Lands,Hennepin,N,MN,,-1.031932895,0.905211649,-0.126721246
Grazing Lands,Hennepin,Y,MN,,-1.020228405,0.883592132,-0.136636273
Grazing Lands,Ramsey,N,MN,,-1.112538785,0.540203522,-0.572335263
Grazing Lands,Ramsey,Y,MN,,-1.065609677,0.545972446,-0.519637231
Grazing Lands,Scott,N,MN,,-1.031932895,0.905211649,-0.126721246
Grazing Lands,Scott,Y,MN,,-1.020228405,0.883592132,-0.136636273
Grazing Lands,Washington,N,MN,,-1.112538785,0.540203522,-0.572335263
Grazing Lands,Washington,Y,MN,,-1.065609677,0.545972446,-0.519637231
Cropland Management,Anoka,N,MN,intensive,0.245540085,0.312432023,0.557972108
Cropland Management,Anoka,Y,MN,intensive,0.056087092,0.370431692,0.426518784
Cropland Management,Carver,N,MN,intensive,-0.071900923,0.419976572,0.348075648
Cropland Management,Carver,Y,MN,intensive,0.076871412,0.472388006,0.549259418
Cropland Management,Dakota,N,MN,intensive,-0.045474718,0.424952389,0.379477671
Cropland Management,Dakota,Y,MN,intensive,0.201103636,0.493891141,0.694994777
Cropland Management,Hennepin,N,MN,intensive,-0.071900923,0.419976572,0.348075648
Cropland Management,Hennepin,Y,MN,intensive,0.076871412,0.472388006,0.549259418
Cropland Management,Ramsey,N,MN,intensive,0.276548121,0.318294726,0.594842848
Cropland Management,Ramsey,Y,MN,intensive,0.070873762,0.41088016,0.481753922
Cropland Management,Scott,N,MN,intensive,-0.071900923,0.419976572,0.348075648
Cropland Management,Scott,Y,MN,intensive,0.076871412,0.472388006,0.549259418
Cropland Management,Washington,N,MN,intensive,0.276548121,0.318294726,0.594842848
Cropland Management,Washington,Y,MN,intensive,0.070873762,0.41088016,0.481753922
Cropland Management,Anoka,N,MN,no-till,-0.146433902,0.255780417,0.109346515
Cropland Management,Anoka,Y,MN,no-till,-0.277166552,0.311256292,0.03408974
Cropland Management,Carver,N,MN,no-till,-0.554933838,0.350531009,-0.204402828
Cropland Management,Carver,Y,MN,no-till,-0.351603922,0.393800465,0.042196543
Cropland Management,Dakota,N,MN,no-till,-0.559535193,0.354682616,-0.204852577
Cropland Management,Dakota,Y,MN,no-till,-0.273803439,0.412557957,0.138754519
Cropland Management,Hennepin,N,MN,no-till,-0.554933838,0.350531009,-0.204402828
Cropland Management,Hennepin,Y,MN,no-till,-0.351603922,0.393800465,0.042196543
Cropland Management,Ramsey,N,MN,no-till,-0.158379309,0.259258164,0.100878856
Cropland Management,Ramsey,Y,MN,no-till,-0.307046748,0.350185528,0.04313878
Cropland Management,Scott,N,MN,no-till,-0.554933838,0.350531009,-0.204402828
Cropland Management,Scott,Y,MN,no-till,-0.351603922,0.393800465,0.042196543
Cropland Management,Washington,N,MN,no-till,-0.158379309,0.259258164,0.100878856
Cropland Management,Washington,Y,MN,no-till,-0.307046748,0.350185528,0.04313878
