"geog_name","ctu_class","county_name","D3A","D3AAO","D3AMM","D3APO","D3B","D3BAO","D3BMM3","D3BMM4","D3BPO3","D3BPO4","total_area_sqm","n_blockgroups","total_area_sqmi"
"Afton","CITY","Washington",4.13603845371214,0.455539744709295,0.82766209648784,2.852836612515,8.15987917738597,1.11643737646885,2.53573458034675,0.444348206887413,7.24350000525015,1.19278150190543,68213795.0556666,7,26.3373462709929
"Andover","CITY","Anoka",8.05832606923932,1.25321498828243,1.2068954492835,5.59821563167339,21.3879877772114,5.27823433194617,5.36486078438654,1.2841230929906,20.3704195939994,2.93843267183737,90275435.3621656,32,34.8553455933321
"Anoka","CITY","Anoka",16.8509002136863,2.00270894644885,1.48258169478634,13.3656095724511,66.3275816822398,4.07524725284923,6.3406507805232,4.51408818621394,56.0417830232392,20.2044101489164,18437000.1675663,27,7.11852576469734
"Apple Valley","CITY","Dakota",18.2331358912101,2.364343770007,1.88751656545923,13.9812755557438,81.1136828834871,4.39543914084016,9.42628803002984,4.42815090670707,85.1465887555218,13.6054231608171,45601743.6767029,36,17.606833233575
"Arden Hills","CITY","Ramsey",14.0274240984216,3.56277189538108,1.80039458794546,8.66425761509502,36.5973371251795,5.73414529237091,10.95591726438,1.69438767365173,33.436669464218,5.29309410355299,25017709.772786,21,9.65933774327266
"Bayport","CITY","Washington",11.2308451155102,0.468163945215556,0.919047588491778,9.84363358180286,48.1827685845892,1.67921458435791,3.32458826205688,1.51666852299473,34.9153681921073,21.160049106667,4853989.05931169,5,1.87412517580024
"Baytown","TOWNSHIP","Washington",8.34518321279627,1.11823740846841,1.26251746114505,5.96442834318281,31.317453204547,3.05710719554069,7.98711349742712,1.25520910404957,27.9834969032783,6.06984696322696,23487208.2785517,10,9.0684111163488
"Belle Plaine","CITY","Scott",7.4342757408632,1.39860229126677,0.37709694554964,5.65857650404679,23.9644340916769,2.00251382978524,0.917147586070305,0.437586117561881,16.2775384329514,12.0579923994276,15920707.2060057,6,6.1469850522388
"Belle Plaine","TOWNSHIP","Scott",2.69740424457271,1.11158071203551,0.0615713535867584,1.52425217895043,2.78325600471289,1.34344898012898,0.0915460052774082,0.0895927926134987,2.29152314521412,1.10415608872155,97917222.1122278,6,37.8058394575312
"Benton","TOWNSHIP","Carver",2.72036982229516,0.976942302299072,0.09938836712512,1.64403915287097,2.94954436092296,1.90343448234464,0.36962920474322,0.0503655655427596,3.30470874353605,0.448395383877928,87991636.8646541,7,33.9735709934429
"Bethel","CITY","Anoka",4.60514877822509,1.16875727044756,0.31961143061782,3.1167800771597,9.56998001570685,5.21881662078276,1.65020066495698,0.126591635256729,10.2235314950878,1.52360902970025,2700741.34136732,2,1.04275623190192
"Birchwood Village","CITY","Washington",14.5765306430554,0.000218488372250632,0.832803967374689,13.7435081873084,57.0907526379294,0,5.95613523947845,0.0307495163819146,61.9546242779829,11.7635265234008,897861.853885876,3,0.346664461785337
"Blaine","CITY","Anoka",13.97317032239,2.63681344253993,1.49337795478483,9.84297892506529,50.5458937369199,4.83690166418533,6.5837529867419,3.16145422858349,51.865332699632,8.39889935552505,87671679.0596537,61,33.8500352849323
"Blaine","CITY","Ramsey",17.7419489941088,5.88575396863066,0.427337376231002,11.4288576492471,36.6319763194485,3.66148893710753,2.44099262473835,1.22049631236918,48.819852494767,1.22049631236918,513130.955600083,1,0.198119861957192
"Blakeley","TOWNSHIP","Scott",2.09530522001057,1.02641925557611,0.00360249505085973,1.0652834693836,0.443335573477448,1.17457404528982,0.00514834241960647,0.00038775319360822,0.489783883770333,0.11282802541515,69704996.7107597,5,26.9130992300243
"Bloomington","CITY","Hennepin",16.1114881673928,2.15759650985431,2.85896343586311,11.0949282216753,58.0555266347785,3.33699133300439,10.3462801123133,5.81810969780938,50.9567585416878,11.3482901547504,99238347.6675841,94,38.3159260344542
"Brooklyn Center","CITY","Hennepin",21.7831219378723,3.90499716086226,2.26641191236076,15.6117128646493,80.6728916620604,5.27630712413637,5.38166015973987,4.58631771825208,69.3107342413264,26.2667468782971,21722692.6564024,42,8.38713163463696
"Brooklyn Park","CITY","Hennepin",16.3902702022056,3.01541318035977,1.76545378317499,11.6094032386708,57.1790653833405,5.24352950721097,6.0514288418995,3.59025047496504,55.4679128658587,12.5554139893008,68989723.8826175,79,26.6369323910786
"Burnsville","CITY","Dakota",14.5675025008263,2.14859354680896,2.34313208685123,10.0757768671661,53.1728908956249,4.13885873161258,8.35931063152648,4.20519033127585,56.6224446660553,5.62486978086199,69707531.9342955,54,26.9140780798315
"Camden","TOWNSHIP","Carver",2.82092027056065,0.628511866701828,0.0817324794217144,2.1106759244371,4.12863349369041,1.41063461244894,0.259246460286009,0.0570412636116031,4.88036406147719,0.643472012062757,89105939.171032,6,34.4038031139355
"Carver","CITY","Carver",3.34275686660973,0.62367380380388,0.1930550757989,2.52602798700695,6.10793753443159,1.07681624523216,0.39885475036852,0.110039074609432,6.8255656937034,1.17921002362619,13293062.4158125,5,5.13245139874521
"Castle Rock","TOWNSHIP","Dakota",2.43784275954699,0.335759315609074,0.206042018886527,1.89604142505139,3.30173568988495,0.689219984692683,0.519016947769139,0.123700282164148,3.34263085008501,0.602316326552086,90834012.0719217,8,35.071012060969
"Cedar Lake","TOWNSHIP","Scott",2.46803406811271,1.00542346752901,0.0488624956998379,1.41374810488387,0.852472834180543,1.86856569366717,0.0868444523988384,0.000213525779421663,1.06216915214036,0.0858672341734755,93950860.6072745,7,36.2744272804687
"Centerville","CITY","Anoka",11.5269474001282,0.346323770294607,1.72575530808479,9.45486832174883,43.4624157790727,3.70447543118857,9.25197474399257,1.77264262647342,41.4940871082763,7.84214989713601,6290038.272235,4,2.42858377690993
"Champlin","CITY","Hennepin",16.7361171152755,0.777120911306713,2.730703556726,13.2282926472428,73.5184566169897,1.44043086071093,13.7876472742168,5.60404413796649,70.1376128259879,11.9362639921867,22694697.5669604,25,8.76242273060342
"Chanhassen","CITY","Carver",11.4810809572918,1.63436806737052,1.57760369826938,8.26910919165186,38.4750435564818,3.31926781862456,5.71605502811593,2.73199568804897,41.6038738137539,4.18065533090566,58616160.9346919,29,22.6316997368845
"Chanhassen","CITY","Hennepin",17.5352300429019,2.44899222439547,1.73764086402447,13.348596954482,57.4987675486915,2.38159405586212,3.5390051150261,4.69680702329603,63.3500164983312,8.18698310928614,586606.754243023,6,0.226488867813231
"Chaska","CITY","Carver",12.2953567063588,1.26144632233914,1.8816819255853,9.15222845843435,50.6571184171349,1.41816162762372,7.18594604471968,3.03861691304489,48.4314433909352,10.5217027505082,46291834.1245934,19,17.8732771555055
"Circle Pines","CITY","Anoka",16.1791119493481,1.86507637994596,1.34285834694847,12.9711772224537,57.3234901318147,3.79472514874682,5.63869063324665,1.53168705335971,67.0117985987289,7.33392676072724,5045505.08867065,10,1.94806951473574
"Coates","CITY","Dakota",2.73689009479887,0.963544569095894,0.237300432371155,1.53604509333182,1.82198506149357,1.35275260193733,0.520419278114922,0.0520594683363902,1.82102068864351,0.208185135329302,3866318.8780724,3,1.49278571882375
"Cologne","CITY","Carver",3.7872779757074,1.2957482629663,0.321763582723847,2.16976613001724,7.36650002576827,2.33561754496967,1.36243443094404,0.194633459179622,7.20145575795366,1.45975181059388,4627240.39475359,2,1.78657751641436
"Columbia Heights","CITY","Anoka",22.435541422379,0.593100074188918,1.45316930753696,20.3892720406532,111.411107627825,0.886542753952587,2.66970810677061,5.37789265418149,83.0772731555991,48.8399784716425,9064524.20535318,28,3.49981279568686
"Columbus","CITY","Anoka",2.9873258141396,0.778911402518361,0.348797543796051,1.85961686782519,3.75256085590438,2.26751350825222,1.60860745748072,0.0893426880349939,3.68113887669134,0.134957362976619,123435866.512437,14,47.6585880604519
"Coon Rapids","CITY","Anoka",17.1613755189076,3.12743380810228,1.72754193438216,12.3063997764232,61.1334242379685,5.83132755618159,6.78661261125128,3.96953996520194,60.5071930030184,12.2789159280487,60373988.4370009,71,23.310396935526
"Corcoran","CITY","Hennepin",3.05112885708029,0.679446818018046,0.952873406717988,1.41880863234425,3.084518906878,1.47953136979663,1.48145497496166,0.419912934238761,2.30189659801123,0.14111047346633,93430239.7117791,10,36.0734155527179
"Cottage Grove","CITY","Washington",7.25306628947835,1.02429918607673,0.865176156762245,5.36359094663938,21.8904792138173,1.89533143907294,2.90605811031043,1.01877662367323,22.1139612693151,4.1833496639338,97181159.1404499,23,37.5216455441277
"Credit River","CITY","Scott",4.24076171263901,0.95417523032586,0.413298866440771,2.87328761587238,5.34655532253653,2.1129399135404,1.38894383274253,0.219685347367322,5.67067532673174,0.418103995799869,61661272.6623157,10,23.8074173749201
"Crystal","CITY","Hennepin",20.8090205168292,1.16594007495835,1.62716586060093,18.0159145812699,102.851511973074,1.32699532286263,9.19557179327997,5.35727722466169,79.9492389703167,38.0346459690933,15155845.6872531,42,5.85167201984842
"Dahlgren","TOWNSHIP","Carver",2.66213411851467,0.952484730843975,0.126995741095993,1.5826536465747,2.23059772641254,1.81683236381053,0.258618045407793,0.113820705384036,2.78918565923643,0.0838919500308045,90157619.9679812,7,34.8098570696376
"Dayton","CITY","Hennepin",4.28574224199438,0.397194499446757,1.02135075652993,2.86719698601769,6.99861420255998,0.906301232053858,1.69768633861953,0.736044126242956,5.85378416286595,1.22573925182622,65244708.8435095,18,25.190982084479
"Deephaven","CITY","Hennepin",13.7209346740777,0.122628617795121,2.08057910343325,11.5177269528494,50.7261723683324,0.000687690685309374,16.3940111634569,2.58089771884307,40.2486027752653,10.3646511523616,6098437.98632553,10,2.35460690652029
"Dellwood","CITY","Washington",7.35197307580649,0.0025606802340266,1.18952023827162,6.15989215730085,19.0512717776657,0.00938398575237789,6.60961680328208,0.531280745054364,20.3077573249052,0.566102489110443,7349636.0768426,6,2.83769448926893
"Denmark","TOWNSHIP","Washington",3.31247256556187,0.941137539592274,0.225208642539228,2.14612638343037,3.39696334092165,2.46096146963797,0.587102072032361,0.144942306116391,3.99951492571387,0.192747497308528,78243944.5066894,7,30.2099869740328
"Douglas","TOWNSHIP","Dakota",1.81572107551599,0.405990861663408,0.0402383254734794,1.3694918883791,0.672258197977166,0.475936900604989,0.167916867056645,0.0279707891925148,0.587961034076438,0.140116848728885,88193841.2467208,5,34.0516421053589
"Eagan","CITY","Dakota",14.0449016656082,3.15850567661633,1.82013337929279,9.06626260969905,46.5423969344727,4.76704774878145,8.63684745580151,2.93289053003566,47.8968081152584,5.90155813854004,86789958.1916701,56,33.5096028578038
"East Bethel","CITY","Anoka",4.46931069914452,1.36319445402164,0.434529258770133,2.67158698635275,5.98032132748631,4.22567959150062,1.57011647455746,0.146365741215265,6.11670557542667,0.706845278931631,123551848.570408,22,47.7033687330347
"Eden Prairie","CITY","Hennepin",13.3471814451713,2.36539961803506,1.39537860045128,9.58640322668491,44.6974312921156,3.9482918495543,4.35378940220912,2.77897576753843,48.6361408260884,6.57417206230268,91155990.7543042,45,35.1953280302369
"Edina","CITY","Hennepin",18.6571390248958,2.39011870714418,1.53258619178207,14.7344341259696,74.8793187774256,3.8419018478526,5.81789286650957,3.29258914208111,74.967572048685,17.7028245369097,41387331.218373,75,15.9796485834138
"Elko New Market","CITY","Scott",4.69419768739728,1.58795875573724,0.101984459353486,3.00425447230655,7.25324220034746,2.73414917970766,0.243025798303898,0.0607564495759746,8.44526117399605,1.39739834024741,9721637.8916425,2,3.75352438996317
"Empire","CITY","Dakota",2.78981603448965,0.808380769213017,0.189768724875974,1.79166654040066,3.73186260917944,1.20533416784365,0.524389399565876,0.16428575015473,3.29408948346583,1.02065144404257,79390395.5265774,10,30.6526317128115
"Eureka","TOWNSHIP","Dakota",2.09121629580376,0.402405732195699,0.0575155236197213,1.63129503998834,1.40748922272,0.697450834605364,0.12251281860022,0.0216178150760421,1.4697692220496,0.32381928653053,90396380.6428759,9,34.9020425662144
"Excelsior","CITY","Hennepin",21.6414672378203,2.19761635258476,1.1388887740834,18.3049621111521,94.282814222331,5.95949934479257,11.4526831000816,4.09342237825819,77.2587456871021,31.0188688430213,1756376.4379772,4,0.678136942702997
"Falcon Heights","CITY","Ramsey",24.897424686953,0.911875006810917,4.26857471362404,19.7169749665181,194.0311144331,2.68182691444481,12.0941272177627,12.9577738883426,170.08037016606,59.5629507897469,5796085.65708927,15,2.23786867220217
"Farmington","CITY","Dakota",7.59302532684417,1.33690116326211,0.644989590306367,5.61113457327569,28.5219221598661,3.32668399496493,2.23009416829155,0.865829134436885,26.496883959553,8.49519861415695,41613969.9849923,13,16.0671538112055
"Forest Lake","CITY","Washington",6.93482349224838,0.805923609687233,1.1815019454057,4.94739793715546,20.2545651617708,3.37776126037658,5.37627223477376,1.13505720622708,18.2667780937398,3.34959338642518,92066882.5831387,22,35.5470233653499
"Fort Snelling","UNORGANIZED TERRITORY","Hennepin",14.4781641581038,5.35369625889533,1.34811666682542,7.77635123238308,33.9319084409031,8.77525945219293,4.08271308918182,1.34267069989382,33.5541524379898,7.4854484343858,19971543.000558,14,7.71101275251546
"Fridley","CITY","Anoka",18.1975311400872,3.06469907173089,2.2877782447643,12.8450538235921,60.9598241168299,5.79066371215048,9.33638623485427,3.82376649776874,57.1847530996735,12.7664576829311,27970354.3604492,40,10.7993538185695
"Gem Lake","CITY","Ramsey",9.21822441200542,1.64940417973171,2.92011801860651,4.64870221366719,18.3555467350248,2.16690900686772,11.981380995186,1.7298141448391,10.272968418547,1.78208153122582,2841019.35456178,5,1.0969175727963
"Golden Valley","CITY","Hennepin",18.9742114793577,3.76211749646396,1.59523253846818,13.6168614444256,62.2517501476315,6.82570913968317,8.36617709525827,2.92286149401818,58.5038953095736,14.7265503595905,27342486.079,38,10.5569338751019
"Grant","CITY","Washington",4.77742522403246,0.524317163227902,0.605519373299017,3.64758868750554,9.01686125128077,1.97585578625247,2.89135457125167,0.386012843820435,9.37263304884123,0.450768664858379,68561363.9381728,12,26.4715426165285
"Greenfield","CITY","Hennepin",3.85433662765059,0.704258902200765,0.481404993457437,2.66867273199239,4.43394740719974,1.98676522687279,1.46223119490015,0.242117572596578,3.94363665556315,0.586115978344146,55711136.8783939,12,21.5100699487479
"Greenvale","TOWNSHIP","Dakota",2.01076220810701,0.391200874757339,0.0854173704227624,1.53414396292691,1.72679714767334,0.501850994665947,0.346736096135936,0.069390930247481,1.64501089426883,0.328910974825876,73752986.0151272,7,28.4760279004406
"Greenwood","CITY","Hennepin",21.517580801729,4.0441912696749,1.24781576897515,16.2255737630789,64.1630396657056,11.3706186953619,7.65842755775543,3.78895094315561,68.6278634905126,9.49113259335516,916785.790732278,4,0.353970993801733
"Grey Cloud Island","TOWNSHIP","Washington",3.43931544246661,0.29883968559743,0.60602310044228,2.5344526564269,5.27434170333254,0.594832241158119,1.25149478998592,0.178777962057348,6.13855400130103,0.166401197486796,7885247.73226395,3,3.04449414942711
"Ham Lake","CITY","Anoka",6.04364108666844,1.15486375802702,0.62502587519974,4.26375145344168,11.4207512842752,4.12622778954845,3.10247004877866,0.525133866904241,12.0307263590709,0.801775413335334,92896903.3868835,22,35.8674943976757
"Hamburg","CITY","Carver",2.71721040745781,1.09906783244961,0.18373658789692,1.43440598711128,2.49674073242757,2.06213735381379,0.126900760234695,0.0951755701760213,2.95044267545666,0.348977090645411,557036.943922001,1,0.215071964048284
"Hampton","CITY","Dakota",2.72352617983497,1.00977755382602,0.158972277489072,1.55477634851988,2.57993817105594,1.32201161289964,0.30341250132123,0.021672321522945,2.49231697513867,0.693514288734239,3268688.81882923,1,1.26204075294997
"Hampton","TOWNSHIP","Dakota",2.72258866152627,1.0086544267115,0.15900400897307,1.5549302258417,2.57850727500566,1.32076061377655,0.303500874253478,0.0217865570053676,2.49080306857313,0.692919988134939,89208406.2071924,6,34.443365636597
"Hancock","TOWNSHIP","Carver",2.34673382550505,0.864745706903547,0.0255740358265403,1.45641408277496,1.4052478315797,1.74979447979441,0.0270131505995669,0.000503120033775044,1.93717431944841,0.0946316690239275,46258313.2085199,4,17.8603347298095
"Hanover","CITY","Hennepin",3.48549319585369,0.242329177469408,1.0241197562316,2.21904426215268,3.97416665826162,1.1235549496526,1.86067071805602,0.446513717239651,3.16371532056525,0.176387453261574,5502586.25710169,5,2.12454855386696
"Hastings","CITY","Dakota",10.1693931842518,0.551204001701369,1.06841186697167,8.54977731557873,47.2549981162339,0.924191218829706,3.50485180259015,3.08593146572272,33.9585221118885,19.1809962495539,28508197.7464918,16,11.0070151499205
"Hastings","CITY","Washington",3.65939849725054,0.90780888438654,0.292049467669856,2.45954014519415,5.68970475637953,2.32158909184498,0.892197403037401,0.293017223319174,5.33827647268823,1.24096145795136,1157858.29882364,4,0.447049089175809
"Helena","TOWNSHIP","Scott",2.67931807641217,1.194364055848,0.0962892813504912,1.38866473921368,3.06411774094756,1.70013967347561,0.374067209090202,0.10575682321177,3.15926700388144,0.601626997683706,88142761.178944,9,34.0319200911903
"Hilltop","CITY","Anoka",26.9805168171307,0,0.161502969170863,26.8190138479598,211.820703073941,0,0.370883451229691,0.49512325284568,232.039064709988,56.308144397563,331187.120503571,5,0.127871347226429
"Hollywood","TOWNSHIP","Carver",2.64643085156619,0.838205675443109,0.0393803649286812,1.7688448111944,1.73582894460688,1.75309975840571,0.0319824714459874,0.000833209765923087,2.05478174947812,0.34312399948458,92749630.1364844,6,35.8106321956966
"Hopkins","CITY","Hennepin",18.9620837524563,2.44231880459976,2.22086988736523,14.2988950604913,73.3338979972619,3.93559190706044,6.90538537725608,4.65823867890841,55.5729278266682,27.002624411336,10599347.4034926,29,4.0924080324885
"Hugo","CITY","Washington",4.75955768354597,0.663056507006049,0.64387240870137,3.45262876783855,10.6437205677543,2.57035827839176,2.28057657789797,0.44909986323839,11.1368772603688,1.24517899439201,93258905.5423941,10,36.0072634299184
"Independence","CITY","Hennepin",3.53659298663588,0.56785976526782,1.55272067838435,1.41601254298371,4.11269427598322,1.2519033272956,2.21157549489367,0.620358817086104,2.65497488939985,0.246346352573343,89624923.9686133,16,34.6041831442816
"Inver Grove Heights","CITY","Dakota",10.2535239962531,1.96672576086695,1.85809544913476,6.42870278625136,29.6131456971796,3.08040064390704,7.78945878731456,2.69740945037646,27.4133945855415,3.43543304710815,78060066.5606832,42,30.1389916990798
"Jackson","TOWNSHIP","Scott",4.15524326674405,1.74553700381403,0.18577374866155,2.22393251426847,5.65278730385613,2.92908586256578,0.280208070825668,0.0027991481806414,5.96926800608846,1.48158761237377,12883913.6192553,8,4.97447904839446
"Jordan","CITY","Scott",11.824365486509,1.09922912468583,0.717284372336993,10.0078519894862,49.2169872885828,2.325565484174,3.2035968741687,1.06708031234042,49.3533423504115,13.0944285134474,9614508.13499322,4,3.71216159092088
"Lake Elmo","CITY","Washington",7.75485037629697,1.43265290224977,0.788394085730812,5.53380338831639,18.0416598881579,3.31018379467783,3.00322273604902,0.455594046536642,17.3540090676219,4.00779222857276,62823720.2860284,17,24.2562384024356
"Lake Saint Croix Beach","CITY","Washington",18.2434905393582,0.0135860271211201,2.06194851999282,16.1679559922442,91.1998509379588,0.00966330903654115,9.72702347023201,3.15815141547728,50.195743298233,48.0732140879154,2538435.12219393,4,0.980089800679075
"Lakeland","CITY","Washington",15.2265256078575,1.97455879765196,1.74323944611873,11.5087273640868,59.850806248116,2.04099328932089,12.1978169696714,2.46722637117806,35.741879709139,25.4078021921713,7663258.9491184,5,2.95878428025461
"Lakeland Shores","CITY","Washington",16.099898546798,3.79348998721753,1.08691200541588,11.2194965541646,58.472601089233,4.34095034070029,12.1546609539608,1.73638013628012,31.2548424530421,27.7820821804819,1798993.78165855,1,0.694591499098364
"Laketown","TOWNSHIP","Carver",4.12385245790918,0.585970712989031,0.484482275214543,3.0533994697056,8.95038732402541,1.27109846070894,1.60174169351566,0.361142041594226,9.24549989928108,1.35413514003576,56992709.6379893,10,22.0048851912277
"Lakeville","CITY","Dakota",11.7127658515949,2.12056303318673,1.39694952644323,8.19525329196492,39.8649158805292,4.26873393699187,4.84781343268159,2.64098145278731,38.6414859088343,8.21657176695075,100186454.296889,38,38.6819900040287
"Landfall","CITY","Washington",24.4251997461042,1.58519271067766,2.64184712137647,20.19815991405,119.699601736066,0,11.8526192431,3.3864626408857,121.912655071885,27.0917011270856,214393.047236317,1,0.0827771555379419
"Lauderdale","CITY","Ramsey",24.3680957349814,6.21563946857344,2.02939266739128,16.1230635990167,95.7011648058075,9.44000374155248,2.41558953134,9.50835458059632,59.3850144263703,44.9718073854184,1102275.07778775,6,0.42558840753385
"Lexington","CITY","Anoka",15.7174574362578,0.586486054819407,3.02827853640564,12.1026928450327,60.7003403445038,2.07919904316167,23.2384325730867,6.92436109426455,38.5196991516601,12.5833053898331,1783552.2530187,7,0.688629524890519
"Lilydale","CITY","Dakota",11.3806839220701,1.28527018526671,1.9926124552424,8.10280128156097,36.2177172845056,1.99563771916936,17.4599725937181,1.65769853065705,25.0257824587827,6.22202013383043,2187967.46831729,5,0.844774239517306
"Lino Lakes","CITY","Anoka",6.79049072365366,1.41402437450752,1.17450154185924,4.2019648072869,15.7793084121941,1.74624300987528,5.64615836024847,0.862290801374221,14.091169180859,1.75222014090125,86002920.7609569,23,33.2057277058055
"Linwood","TOWNSHIP","Anoka",3.05770784072973,0.482482887499059,0.463952386695733,2.11127256653494,4.80006667408657,1.83928136932835,1.37896304465754,0.118810637295635,5.06698497345887,0.381808708707289,93567313.705196,11,36.1263398215762
"Little Canada","CITY","Ramsey",17.6020347634194,3.94007732753023,2.49269164948867,11.1692657864005,51.2545779892692,4.68546825330246,12.8606019575612,2.39296260147792,48.7796104200027,7.74759373195617,11657343.1766086,13,4.50090020048859
"Long Lake","CITY","Hennepin",15.0349019604649,1.41192884726247,2.04201346179908,11.5809596514033,58.9456030858434,0.0139502519823616,14.6572813461348,2.44916561923446,58.2893760310867,7.84101699600218,2430084.29857341,6,0.938255547679195
"Loretto","CITY","Hennepin",5.95951732411996,1.06278762387483,1.42221203046685,3.47451766977829,12.9144505618842,2.02666592804004,3.57492091659631,0.953784695229393,12.7492014097543,1.07247627497889,672817.128642816,2,0.259774693368991
"Louisville","TOWNSHIP","Scott",2.95437763317239,1.14508595095332,0.0892187064124923,1.72007297580657,2.5253073716296,1.86208784720438,0.171821836911581,0.0000926217358107516,2.77353663764979,0.560660647361348,37632830.2139822,6,14.5300357456185
"Mahtomedi","CITY","Washington",15.7299554882338,0.953354536310856,1.65415051916632,13.1224504327566,74.2156828384092,1.99546967943242,12.0114310360198,1.75869141710159,77.8141442594154,12.5433326992523,14770712.8329585,13,5.70297222480529
"Maple Grove","CITY","Hennepin",14.6246503194201,2.828651524764,1.67963400834214,10.116364786314,52.3305254339504,5.26405601444613,5.9432004051894,2.9123908032767,52.865473432925,10.1927491806514,90774626.9147556,48,35.0480834517871
"Maple Plain","CITY","Hennepin",3.472660758502,0.600234534822215,1.70569436353769,1.16673186014209,5.27068891835873,1.34404405444959,2.3526582485901,0.859767500556027,3.47555820868948,0.523501040797223,2770406.79550013,3,1.0696540637426
"Maplewood","CITY","Ramsey",16.8083069358885,1.97602358153241,2.92907045436196,11.9032128999941,65.8357664477232,3.49009627962815,12.9720994841621,4.56987051857331,60.4934408292287,12.2643805401182,46582455.665207,65,17.9854861323364
"Marine on Saint Croix","CITY","Washington",4.56769462551198,0.625587683511037,0.94062363341663,3.00148330858431,11.0745111152292,1.79361579901256,2.29929409780818,0.510793059649575,12.7723378869079,0.510939521773963,9899052.59707929,4,3.82202420773231
"Marshan","TOWNSHIP","Dakota",2.72435905033144,0.694560229786931,0.0800087257228497,1.94979009482166,4.8530271438862,0.91034743608227,0.279174541330946,0.184781797109898,4.84452394954544,1.25073845336175,88797896.1633154,9,34.2848677086561
"May","TOWNSHIP","Washington",3.12597563847358,0.771215180730604,0.520873659352643,1.83388679839033,3.9924135132314,2.18701031376524,1.30850427475676,0.0947302842855965,4.26794063526098,0.178194473963967,97842489.6130479,11,37.7769852395978
"Mayer","CITY","Carver",2.79314811973634,0.694677007477773,0.0794813780374817,2.01898973422109,4.09178908347948,1.60280741030388,0.24926589381175,0.0617342081001961,4.86692163842928,0.617557791374515,3633559.44466771,3,1.4029173015862
"Medicine Lake","CITY","Hennepin",11.269973671158,0.139232693094075,0.0587210896463716,11.0720198884175,39.5153590143667,0.358592484743558,0.133080638508743,0.0180664136811876,52.6073551955847,4.31942189934525,457372.272962785,3,0.176591434590931
"Medina","CITY","Hennepin",4.4210011815754,0.599236506876799,1.18158674393325,2.64017793076535,7.36298810559364,1.45317509990272,2.56894538651977,0.613624526189782,6.69803311672436,0.568288917740021,70286772.0994636,15,27.1377227076029
"Mendota","CITY","Dakota",12.9069747060685,1.37391981580732,3.0859271545823,8.44712773567891,37.9490849861376,0.366872766545658,22.2777999487726,2.52758785654757,23.226669090329,5.0700162805092,574583.528322014,3,0.22184670028513
"Mendota Heights","CITY","Dakota",13.8690758642022,2.98587824904862,2.514577366283,8.36862024887053,44.1801985342313,3.24282488042178,14.1315167838853,3.17898698191059,38.876228810449,5.64504524089972,26302854.3117852,20,10.1555320497803
"Miesville","CITY","Dakota",1.81508829202007,0.405515434704491,0.0399885571761229,1.36958430013945,0.671155835404659,0.475223841137873,0.167726061578073,0.0279543435963455,0.587041215523255,0.139771717981727,4519061.15775669,1,1.74480951300986
"Minneapolis","CITY","Hennepin",26.1372667236094,2.11517752944502,3.28809579396865,20.7339934001957,141.748342195735,5.48681455599149,9.90764996536,11.3890740928885,84.8910220498085,67.1285538687286,148805036.139449,401,57.4536244534414
"Minnetonka","CITY","Hennepin",15.3642192971885,2.24721169587791,1.79761275534056,11.31939484597,52.0030789965221,3.05851295329837,9.25073709829406,3.13281485047016,55.7092577876624,5.54194755711895,75391551.5541601,66,29.1086780550612
"Minnetonka Beach","CITY","Hennepin",15.3564973852813,0,2.51536205682181,12.8411353284595,55.7216749946685,0,14.5878151970207,4.27389636586373,44.2222519926468,12.2214638132965,1233292.16198844,2,0.476174103743738
"Minnetrista","CITY","Hennepin",5.23898577426218,0.452199425437873,1.06503658489215,3.72174976393216,12.430181179018,1.03975917987839,3.01960961801573,0.609543403116613,12.1308458112558,1.71528400457727,82810098.3405549,22,31.9729789692882
"Mound","CITY","Hennepin",18.4147413233501,0.000774681113425361,0.92106622780407,17.4929004144326,94.0868958425366,0.00147974382452537,5.13833905115486,2.78209374805513,105.362288813461,17.6008833087825,9307644.43145189,13,3.59368151498357
"Mounds View","CITY","Ramsey",17.143467816009,2.54375118140889,1.51115316428679,13.0885634703134,51.5537294959352,4.16684166215244,11.1797027886005,2.89309635321002,40.9360475079291,13.89942769494,10592592.3104064,11,4.08979989104792
"New Brighton","CITY","Ramsey",17.6393074578502,2.00942106274751,2.16999750267667,13.459888892426,73.4398574623153,2.86982005601685,11.5354717722106,5.27554994342032,71.5389867987478,12.7536436520657,18220653.4204075,19,7.03499428561933
"New Germany","CITY","Carver",2.72942417894519,0.738550349286814,0.0573824648920278,1.93349136476635,2.87482017277502,1.59077920382627,0.136502705867683,0.0271271170172657,3.40427081406934,0.485997117959759,2625292.78571544,2,1.01362554456473
"New Hope","CITY","Hennepin",16.9754852564844,0.665901536335053,1.55843040312834,14.751153317021,81.8452540186463,0.798982150116346,9.92011082315385,4.50401536937706,82.5507418924957,15.663179887931,13271124.9267727,38,5.12398133422694
"New Market","TOWNSHIP","Scott",3.63155118733845,1.24933537990287,0.0406946681912434,2.34152113924433,3.80412002761808,2.25271769643508,0.0968160823822893,0.0241397395076918,4.64782536434077,0.615304443146106,83176142.6044527,7,32.1143086595792
"New Prague","CITY","Scott",9.37624051949656,0.650980410121474,1.25030740299236,7.47495270638272,43.8051516279002,1.04632555239032,5.98599856784029,4.59273422327604,29.8029704672766,15.3411750582012,5911954.09902079,5,2.28260547763193
"New Trier","CITY","Dakota",2.72352617983497,1.00977755382602,0.158972277489072,1.55477634851988,2.57993817105594,1.32201161289964,0.30341250132123,0.021672321522945,2.49231697513867,0.693514288734239,493341.502215622,1,0.190479154005452
"Newport","CITY","Washington",13.1755968486496,4.2591125038389,1.23326867409139,7.68321567071933,34.2288958142905,4.08135198704974,4.31714576868799,0.546962308460608,25.8581246674278,13.5550281249407,10002396.5024509,13,3.8619252895963
"Nininger","TOWNSHIP","Dakota",3.48487615930558,0.931315436714744,0.2820371891936,2.27152353339723,6.35533948778414,1.34968371485495,0.747690742600769,0.135800340227467,5.98703424332699,1.72747758194286,44111527.1181314,9,17.0314606203105
"North Oaks","CITY","Ramsey",10.1535998616671,0.374283806651517,1.12092122674207,8.65839482827347,30.1597338259606,0.695287115353076,3.42864855308719,1.02610842356639,34.0513482951051,4.13446750464996,22332264.4438456,9,8.6224873017688
"North Saint Paul","CITY","Ramsey",21.462069264317,1.61438341279784,2.42718789707997,17.4204979544392,95.6797912070421,2.33889328523905,13.6871201739373,9.60119763821336,69.3288120182439,30.7069667966439,7846343.91243045,18,3.0294733845894
"Northfield","CITY","Dakota",2.066936099475,0.390503569727146,0.0965235740318836,1.57990895571597,2.42930609904285,0.508079199752799,0.398060892654431,0.0786718937060265,2.32291029861124,0.535746420762622,4050468.16292574,6,1.56388575770563
"Norwood Young America","CITY","Carver",7.12230307690971,1.32437848560474,0.258186149148192,5.53973844215678,20.800820758339,3.16276749701269,0.249997935240803,0.0287280483746569,21.2131810907754,6.45615229961156,6249687.86563053,2,2.41300448491995
"Nowthen","CITY","Anoka",3.85223526658875,1.2905610262295,0.0355763965345925,2.52609784382466,4.12365119375727,4.86900505243439,0.117621631016917,0.00028354883863171,5.61796357879966,0.297732309970982,91171055.8187007,10,35.2011446516004
"Oak Grove","CITY","Anoka",4.69407202820036,0.905744684583491,0.366251776745623,3.42207556687124,7.71364628736818,4.43242894806673,1.70723196646933,0.188348884615965,8.36642429578871,0.806168675826102,91240086.8740258,21,35.2277975420614
"Oak Park Heights","CITY","Washington",11.2614078619888,1.76478946846509,2.02287403107939,7.47374436244428,32.5359078158072,2.98396305880619,7.08427477178568,1.99243772824738,29.3727380866869,6.22664251095861,8622658.20920541,11,3.32920833457421
"Oakdale","CITY","Washington",15.0214461279772,2.59510263283488,1.75925965004665,10.6670838450957,53.2512348466351,2.25485810467023,9.81644663998703,2.78360154247464,53.3943022459407,8.3060637972467,29295887.3128469,28,11.3111420914902
"Orono","CITY","Hennepin",7.98130310455561,0.607897211568808,1.81274346273639,5.56066243025041,17.7830793522218,1.50160073557982,6.3088059701501,1.58933455318572,14.819193043734,2.10136945677534,65624224.0733373,22,25.3375129147155
"Osseo","CITY","Hennepin",26.8280672137464,4.49070342862823,1.60945210203131,20.7279116830869,139.347568181574,10.8188043148592,8.20140466619167,0.00223337047489676,95.5380347720943,70.1511287057622,1874877.16927014,6,0.723890075055199
"Pine Springs","CITY","Washington",14.9175615994643,3.46286542725081,1.75408485477958,9.70061131743391,40.0106710567141,7.41253435030932,4.6315432780388,1.85149813312413,42.1650295556439,6.94585884352359,2379828.49680293,5,0.918851782615613
"Plymouth","CITY","Hennepin",15.0048158164904,2.25158127674866,1.88040024032666,10.8728342994151,53.6372007512069,3.84617932418005,7.40060479848733,3.47945765406351,57.0092974067476,7.19633832625169,92002118.3381514,71,35.5220178903602
"Prior Lake","CITY","Scott",11.5129764470521,1.88107759442112,0.92980237014714,8.70209648248383,36.5721905388173,3.82050042217416,3.80296288410313,1.49619018952936,40.2315779897295,5.70496158644155,48806410.1502738,19,18.8441549590207
"Ramsey","CITY","Anoka",8.62074296122697,1.50928183896911,0.88305316953241,6.22840795272544,23.3457399203453,4.41892758153334,4.07859803579813,1.19270509160451,24.0659815799723,3.38060022502195,77135625.5979378,19,29.7820650433638
"Randolph","CITY","Dakota",2.72352617983497,1.00977755382602,0.158972277489072,1.55477634851988,2.57993817105594,1.32201161289964,0.30341250132123,0.021672321522945,2.49231697513867,0.693514288734239,2542207.25762483,1,0.981546222168947
"Randolph","TOWNSHIP","Dakota",2.71364450043957,1.00072526441207,0.178866813358758,1.53405242266874,2.56104596125442,1.3141289195316,0.327303446338413,0.0220451218230571,2.45420169809884,0.683736908091716,27256431.739567,4,10.5237082946468
"Ravenna","TOWNSHIP","Dakota",2.40447133147426,0.564646414540207,0.0996171299347221,1.74020778699933,1.89579685027868,0.848421432587652,0.199556529383636,0.0000490858850062848,2.49288906957426,0.0998865498887507,56532269.8918585,4,21.8271094052466
"Richfield","CITY","Hennepin",27.677025962098,3.28942098665673,3.36115394249737,21.0264510329439,132.749687167998,4.8613664305498,11.2159194367466,12.4298753049251,72.4004749876866,64.547676781976,18067613.4089875,45,6.97590553721006
"Robbinsdale","CITY","Hennepin",27.6669188254515,2.49588852229893,3.58314446889272,21.5878858342598,135.894870534063,3.6075815291319,7.27971674561931,11.9955851347626,105.945790326355,48.3778721822937,7731478.22938229,27,2.9851237443645
"Rockford","CITY","Hennepin",4.96605967765655,0.828682818842639,0.633126494516537,3.50425036429737,7.70734967588976,2.33349343307983,2.43277107145309,0.238473728810798,6.76859506436016,1.33156473449153,762527.286099053,3,0.294411785162844
"Rogers","CITY","Hennepin",6.38866515608603,1.14623407788073,1.32526703088594,3.91716404731936,15.5012098073517,1.63123759049958,3.13809984949843,0.980038627713118,15.5600722019024,2.04949042135426,68030811.212619,11,26.2666962091922
"Rosemount","CITY","Dakota",6.07674103186264,1.05888822382834,0.758742351433147,4.25911045660115,17.3987850144345,1.89507179871105,2.58569335753693,1.13706981357424,16.7208749186149,3.38423416066699,91308154.584179,21,35.2540784849515
"Roseville","CITY","Ramsey",18.0681494637684,3.03629041854349,2.64525485073844,12.3866041944865,67.2064896628698,5.1747281616496,16.6033081643956,6.38360162169632,59.0553965700385,10.3585319833059,35907504.1909844,52,13.8638873681391
"Saint Anthony","CITY","Hennepin",20.3425113130777,1.48297418940746,1.97693723247224,16.882599891198,86.7383380114548,3.56522254817108,4.75889732534788,2.37448095119737,77.2329136751626,29.675319122917,4353279.58580398,12,1.68080124807892
"Saint Anthony","CITY","Ramsey",26.8217098251498,0.00584878672827823,3.47406764038447,23.341793398037,175.546887544233,0.00500995526601638,17.2784631514239,9.5828167726936,168.930591182607,41.7626315307404,1720199.96108329,7,0.664169204974258
"Saint Bonifacius","CITY","Hennepin",8.71701839748742,0.1523613338557,1.03791719976214,7.52673986386958,31.2472607903128,0.17004966101468,5.19745712832311,1.5874449091061,26.3203782460116,8.63741968652545,2680309.98813666,2,1.03486768641957
"Saint Francis","CITY","Anoka",4.15162723979607,0.92761066219178,0.348832453294667,2.87518412430962,8.4532650193841,3.43637065589366,1.70042798717305,0.258886427525652,8.90023902845671,1.1237336924334,60603308.1965808,14,23.3989372946998
"Saint Lawrence","TOWNSHIP","Scott",2.30239020031391,1.14554288516742,0.00526886084273578,1.15157845430376,1.08808627012799,1.29260077691098,0.00238152849018141,0.000812822911799143,1.38786048811167,0.159982022142759,36488738.5159958,7,14.088301941026
"Saint Louis Park","CITY","Hennepin",22.4888308536068,3.22239686602356,2.29732942108758,16.9691045664956,93.322573591654,6.7519526783166,10.2030620513129,6.69749709568314,74.5654437953647,30.0844830962369,28067344.9384107,59,10.8368018807204
"Saint Marys Point","CITY","Washington",16.4542090559564,0.000694313279820503,0.782295487042989,15.6712192556336,89.448850600547,0.00234868055113087,2.01935157507891,4.03410365074519,74.6335108735612,34.2872876965589,997528.769321319,2,0.385145857834961
"Saint Paul","CITY","Ramsey",21.3615622691405,2.1737977602589,2.83577067936236,16.3519938295192,108.268514884955,4.76595034260571,9.29812296557289,9.00900861637621,66.9843894945016,48.3790704577088,145253951.482994,283,56.0825506675842
"Saint Paul Park","CITY","Washington",12.200411639317,0.659275934744891,1.16703647523241,10.3740992293396,47.2839712171097,1.01522817086211,3.85983448902219,2.61597827694331,26.4038895207844,24.4820890256254,9346307.98728207,11,3.60860951388961
"San Francisco","TOWNSHIP","Carver",3.13925545259248,0.722037645054088,0.173957989253213,2.24325981828518,4.95075658648985,1.2973508195846,0.356801671635711,0.111079392801728,5.61872428586196,0.854001380037173,62487638.1815468,7,24.1264771018952
"Sand Creek","TOWNSHIP","Scott",2.35896401174552,0.832961707941766,0.0391162307142458,1.48688607308951,1.09535082068191,1.32092228097106,0.127037525723859,0.00166492490291837,1.29914708537441,0.14242076017645,83992213.5566415,8,32.4293936542193
"Savage","CITY","Scott",11.5976117457787,2.06316351715917,1.07578798875553,8.45866023986397,40.9992246915003,3.60297016075592,5.67730805226273,2.29426564283814,40.8433639045854,7.67567085344444,42536959.6121189,33,16.4235201062391
"Scandia","CITY","Washington",3.94759596495725,0.763441645712821,0.149987883627739,3.03416643561669,5.47008536758473,2.91766688332394,0.469322131615634,0.10975506442543,6.9588344811892,0.405749842418468,103322195.330355,8,39.8926996170502
"Sciota","TOWNSHIP","Dakota",2.01111166970136,0.39165407139907,0.0920568810923009,1.52740071720999,1.72340325663491,0.503558470019625,0.353209783862754,0.069192653341637,1.63591723027724,0.327462884861893,38527554.1482574,5,14.8754886566422
"Shakopee","CITY","Scott",10.6152671664325,2.57717702150069,0.944598800391388,7.09349134454046,35.5539480426153,3.46646327896104,2.97953577135591,1.99055495990302,31.3915980962045,10.6378467930495,79722718.3865083,26,30.7809415690308
"Shoreview","CITY","Ramsey",12.8531868230273,1.23674053598354,2.0611891591654,9.55525712787831,43.458083918117,1.95106116287699,10.7624487643706,3.10077540720868,42.7558949701676,4.66057323997132,32806495.1522803,25,12.6665877782954
"Shorewood","CITY","Carver",12.3968974122175,1.2526395178156,0.427144303027867,10.717113591374,35.6971076467027,5.54415492165317,1.70589382204713,0.426473455511782,44.7797128287372,4.26473455511782,18394.238942272,1,0.00710201565561123
"Shorewood","CITY","Hennepin",12.4393322027713,1.06534751060068,0.668546709362715,10.7054379828079,39.1599502433285,2.15420977619815,4.36576573331723,0.95608231058455,45.6946733333424,4.81355507528203,33721550.74475,24,13.019890742548
"South Saint Paul","CITY","Dakota",18.0136906317211,1.68982342890443,2.35856147188417,13.9653057309325,74.8500411081929,2.10756761950538,6.22602341744503,7.5582712839818,48.8161528954081,30.5786382235381,15772552.3445166,27,6.08978246021785
"Spring Lake","TOWNSHIP","Scott",3.7049709360268,1.07388769581927,0.184981564059139,2.4461016761484,4.0695647019514,2.58540050917489,0.652277410594512,0.0473323592899029,4.31964819617106,0.705957962948865,75629688.3385938,11,29.2006226675311
"Spring Lake Park","CITY","Anoka",21.1893921015786,3.92846652320734,0.833883128577337,16.4270424497939,84.7538557505773,7.9911978715197,6.51626297784131,1.56865745279406,82.3916591513937,23.8836142375835,5284729.55247122,13,2.04043408020914
"Spring Lake Park","CITY","Ramsey",15.5841535211863,2.2087378117297,0.299798399770508,13.0756173096861,30.6080823293074,7.19893745617861,0,0,37.7944216449377,5.39920309213396,135354.395879022,1,0.0522603322488904
"Spring Park","CITY","Hennepin",17.7825203898488,0,3.551699520159,14.2308208696898,55.1594708519979,0,10.2572940413705,10.0016957999088,33.6819420350534,15.8503045891144,1073607.31612935,5,0.414519784757543
"Stillwater","CITY","Washington",15.1156243579988,1.14242796419087,1.17562861216346,12.7975677816445,69.891891384983,2.9380433264187,5.65337950331804,1.46666474273051,58.4975020614962,25.6365886385214,23546468.4865838,19,9.09129148267002
"Stillwater","TOWNSHIP","Washington",4.8323503226134,0.727382214429826,0.790170824671728,3.31479728351184,9.0053739831608,3.34387584576202,2.86125887689869,0.266014956281705,9.10130945928861,0.760325946642166,40922048.8257625,9,15.8000030516269
"Sunfish Lake","CITY","Dakota",9.97773263140517,4.99691849073041,1.44626676818233,3.53454737249243,7.74550175969333,9.91192841439898,5.51621318924658,0.0891529947714669,5.8567036737629,0.0706132172945404,4378716.73790749,8,1.69062253250608
"Tonka Bay","CITY","Hennepin",13.0822994787098,0.00055929125283925,2.20093833805794,10.8808018493991,51.8096393672307,0.00203134191483294,10.6711965626369,5.32050756558569,54.2489696564615,3.18738093350637,2509070.58605538,5,0.968752153275981
"Vadnais Heights","CITY","Ramsey",12.5696460668031,2.7024720937458,1.8993349966385,7.96783897641879,34.3063128238329,3.1697265982769,9.36634753459635,1.61704769044817,32.7960855972413,4.56692223444906,21349824.8661894,17,8.24316738083572
"Vermillion","CITY","Dakota",2.34936237223444,0.816536367241098,0.166471670083513,1.36635433490983,1.4029662334872,1.11002662612244,0.322265794680707,0.107421931560236,1.21744855768267,0.268554828900589,2574955.98384624,1,0.994190505363033
"Vermillion","TOWNSHIP","Dakota",2.40880090864287,0.839127375652021,0.177248371457694,1.39242516153316,1.4676539960589,1.14725013060142,0.352437953050177,0.0988556403492203,1.31050721436581,0.259613929043217,88297406.6126714,5,34.0916286931524
"Victoria","CITY","Carver",6.07188361690318,0.785962047238791,0.594087161102728,4.69183440856166,15.9605436927545,2.2687470920443,2.351981701491,0.785344046073384,16.2082520013744,2.79552376686986,39458713.807976,11,15.2350094012596
"Waconia","CITY","Carver",6.96789102260319,0.518469967589149,0.780663401474505,5.66875765353953,24.0212538263778,1.14236139945467,2.51355737005518,1.47284949626815,21.2505479771091,6.69774606355111,15540518.702796,5,6.00019427114953
"Waconia","TOWNSHIP","Carver",5.12820472324358,0.882445969533935,0.365964002201411,3.87979475150823,14.824396151496,1.84549342294909,1.36594114524966,0.576266590643413,12.3768495622913,5.08168815892274,78846613.8038573,10,30.4426775896693
"Waterford","TOWNSHIP","Dakota",2.01252165517385,0.391124650175416,0.0857111905175047,1.53568581448093,1.74900284749115,0.501666036151011,0.348480641821501,0.070261179837192,1.66754563362648,0.334052141930158,38166215.45929,5,14.7359757888319
"Watertown","CITY","Carver",6.00665716852367,0.813582901544312,0.555657576274648,4.63741669070471,19.8452841163519,2.04122393596195,2.13177348852133,1.63129906872681,12.3564679288823,8.55032802221693,6979597.27169807,4,2.69482250660262
"Watertown","TOWNSHIP","Carver",3.25071479094579,0.871512685943044,0.241968663974047,2.1372334410287,5.62763698654362,2.217758779631,0.833283689390091,0.395318608786244,5.61874650086202,0.928814240859217,85381419.0931197,9,32.9657659118535
"Wayzata","CITY","Hennepin",15.9277887348165,4.23344316108093,2.46165913963413,9.23268643410143,46.0381773197413,5.48653159220028,11.6623521964697,4.88062768570631,38.4416042709015,7.73821067029841,8127766.48062668,10,3.13813063816996
"West Lakeland","TOWNSHIP","Washington",6.934606522902,1.65508851040491,0.692272634537795,4.5872453779593,12.8709865497184,4.23607514699452,3.09987903149321,0.331769873847016,14.7438510596489,0.637448705079584,32815014.6171148,9,12.669877143668
"West Saint Paul","CITY","Dakota",17.198117498317,0.816963561366141,1.69243488974738,14.6887190472035,82.3442625480104,1.22627857236129,10.9790561541066,6.4942683364462,67.2541582770216,23.6684401860017,12988738.927309,26,5.01495209983402
"White Bear","TOWNSHIP","Ramsey",14.7142920493178,1.05555301051901,7.10528891786556,6.55345012093325,55.3337034879266,1.62918736221567,35.0741204656605,7.49271526014624,19.7320878426644,11.2852472861276,28140189.4296152,28,10.8649271387744
"White Bear Lake","CITY","Ramsey",17.2095657403276,1.13774301515701,3.3399920942006,12.73183063097,73.4920632709954,0.996205774885121,12.584528289837,7.36833978355859,61.2221178154464,16.8946905352128,22453451.7914821,29,8.66927773669125
"White Bear Lake","CITY","Washington",22.207139989717,0,3.83136026933295,18.375779720384,138.831028199342,0,32.5260708477244,16.2630354238622,126.851676306125,16.2630354238622,195106.728319956,1,0.075330707804335
"Willernie","CITY","Washington",24.5106893390204,0.0896109308750994,0.849332906748451,23.5717455013968,165.424031293407,0.0107656817860245,17.5002407688983,0.228896044747665,152.972676890122,51.4896991700932,343277.54620958,4,0.132539460591519
"Woodbury","CITY","Washington",16.3580074051132,2.16929512400986,1.68161104097911,12.5071012401243,90.3297924882016,6.88421201537534,8.66805526979169,4.01658957900872,95.0767893249543,17.1153915644972,92398321.2330206,33,35.6749918280693
"Woodland","CITY","Hennepin",8.81773852457048,0,0.303706764724316,8.51403175984617,28.1245010050025,0,3.46904661902804,0.0276271840476414,33.6199128084343,3.35853788283747,1593364.23472852,2,0.615197931028682
"Young America","TOWNSHIP","Carver",3.08634897890385,1.11778791854026,0.19025367891537,1.77830738144823,4.03092792878494,2.15401879855071,0.13788357676827,0.0896689288196181,4.48052594814339,0.860779846849242,86121431.4005744,6,33.2514846637618
