start_date_utc,total_net_generation_mwh,total_co2_mass_tons,total_co2_intensity_lbs_per_mwh,coal_net_generation_mwh,coal_co2_mass_tons,coal_co2_intensity_lbs_per_mwh,hydro_net_generation_mwh,hydro_co2_mass_tons,hydro_co2_intensity_lbs_per_mwh,natural_gas_net_generation_mwh,natural_gas_co2_mass_tons,natural_gas_co2_intensity_lbs_per_mwh,nuclear_net_generation_mwh,nuclear_co2_mass_tons,nuclear_co2_intensity_lbs_per_mwh,other_net_generation_mwh,other_co2_mass_tons,other_co2_intensity_lbs_per_mwh,petroleum_net_generation_mwh,petroleum_co2_mass_tons,petroleum_co2_intensity_lbs_per_mwh,solar_net_generation_mwh,solar_co2_mass_tons,solar_co2_intensity_lbs_per_mwh,wind_net_generation_mwh,wind_co2_mass_tons,wind_co2_intensity_lbs_per_mwh
2024-01-01T00:00:00+00:00,114275560,44102451.96,771.86,31517530,33809100,2145.42,10744050,0,0,21029110,10291120,978.75,16389650,0,0,590490,2231.96,7.56,0,0,NaN,4376830,0,0,29627900,0,0
2025-01-01T00:00:00+00:00,122746110,54548558.27,888.8,47567260,51163210,2151.19,10737080,0,0,7490120,3384957.2,903.85,16344090,0,0,586030,391.07,1.33,0,0,NaN,7763280,0,0,32258250,0,0
2026-01-01T00:00:00+00:00,120437150,51866634.63,861.31,45852860,49369830,2153.4,6556380,0,0,5577040,2496518,895.28,16344090,0,0,586020,286.63,0.98,0,0,NaN,10525400,0,0,34995360,0,0
2027-01-01T00:00:00+00:00,120868380,43420622.67,718.48,38299100,41273685,2155.33,6548920,0,0,4777680,2134980.6,893.73,16343740,0,0,646110,11923.13,36.91,40,33.94,1697,11625070,0,0,42627720,0,0
2028-01-01T00:00:00+00:00,129652980,42558988.82,656.51,37529040,40448490,2155.58,6488300,0,0,5100540,2106708.6,826.07,16382010,0,0,576410,3780.75,13.12,10,9.47,1894,11916390,0,0,51660280,0,0
2029-01-01T00:00:00+00:00,165905830,38000244.85,458.09,33094230,36055955,2178.99,6480620,0,0,4635770,1937708.8,835.98,16334110,0,0,576940,6515.05,22.58,80,66,1650,13193970,0,0,91590110,0,0
2030-01-01T00:00:00+00:00,167650870,27299589.86,325.67,23735160,25963718.5,2187.79,6412190,0,0,3275410,1335863.15,815.69,16326280,0,0,534860,8.21,0.03,0,0,NaN,13256420,0,0,104110550,0,0
2031-01-01T00:00:00+00:00,170399680,23712901.94,278.32,20037170,22041985,2200.11,6395850,0,0,4091060,1670298.75,816.56,16332220,0,0,548520,618.19,2.25,0,0,NaN,14936420,0,0,108058440,0,0
2032-01-01T00:00:00+00:00,168874190,19116971.06,226.4,15531920,17150730,2208.45,6145530,0,0,4697980,1966232.85,837.05,16353530,0,0,500600,8.21,0.03,0,0,NaN,15284520,0,0,110360110,0,0
2033-01-01T00:00:00+00:00,165221446,19331671.24,234.01,15427140,17068237,2212.75,6264000,0,0,5397380,2263417,838.71,16320810,0,0,524830,17.24,0.07,0,0,NaN,16187990,0,0,105099296,0,0
2034-01-01T00:00:00+00:00,176917040,15433112.8,174.47,12122850,13441095,2217.48,5953240,0,0,4744720,1992017.8,839.68,11159840,0,0,524190,0,0,0,0,NaN,17801720,0,0,124610480,0,0
2035-01-01T00:00:00+00:00,161291906,7336025.75,90.97,5841700,6498034.5,2224.71,4115810,0,0,2002790,837991.25,836.82,5965280,0,0,294070,0,0,0,0,NaN,18742400,0,0,124329856,0,0
2036-01-01T00:00:00+00:00,161485330,6957635.81,86.17,5297400,5894508,2225.43,3967910,0,0,2514190,1063119.8,845.7,5976090,0,0,283980,8.01,0.06,0,0,NaN,20327470,0,0,123118290,0,0
2037-01-01T00:00:00+00:00,161125346,6497246.82,80.65,5128880,5712494.5,2227.58,4227110,0,0,1927250,784737.9,814.36,5971810,0,0,289800,14.42,0.1,0,0,NaN,20817760,0,0,122762736,0,0
2038-01-01T00:00:00+00:00,161394750,5545213.8,68.72,4335410,4835264.5,2230.59,3985870,0,0,1768230,709949.3,803.01,5965530,0,0,278500,0,0,0,0,NaN,22486140,0,0,122575070,0,0
2039-01-01T00:00:00+00:00,164702730,6226422.25,75.61,4714910,5261774,2231.97,4030730,0,0,2338060,964648.25,825.17,5966840,0,0,304750,0,0,0,0,NaN,23556440,0,0,123791000,0,0
2040-01-01T00:00:00+00:00,177936650,2703352.67,30.39,2218940,2475902.2,2231.61,2894260,0,0,601870,227450.46,755.81,5967230,0,0,189990,0,0,0,0,NaN,24689620,0,0,141374740,0,0
2041-01-01T00:00:00+00:00,174148540,2885355.86,33.14,2385540,2636762.5,2210.62,3045670,0,0,657800,248593.36,755.83,0,0,NaN,182480,0,0,0,0,NaN,25177660,0,0,142699390,0,0
2042-01-01T00:00:00+00:00,182480210,1806892.63,19.8,1486950,1658171,2230.3,4086250,0,0,393510,148721.63,755.87,0,0,NaN,191210,0,0,0,0,NaN,26664820,0,0,149657470,0,0
2043-01-01T00:00:00+00:00,182092310,1423552.93,15.64,1143990,1263244.8,2208.49,4032080,0,0,424200,160308.13,755.81,0,0,NaN,179300,0,0,0,0,NaN,27195540,0,0,149117200,0,0